T;P;V
0;1;0
0;41;0
0;52;0
0;69;0
0;102;0
0;106;0
0;113;0
0;137;0
0;161;0
0;186;0
0;222;0
0;243;0
0;245;0
0;276;0
0;298;0
0;306;0
0;307;0
0;311;0
0;319;0
0;364;0
1;1;0
1;41;0
1;53;1
1;69;0
1;103;1
1;107;1
1;113;0
1;138;1
1;161;0
1;187;1
1;223;1
1;244;1
1;246;1
1;277;1
1;299;1
1;306;0
1;308;1
1;312;1
1;319;0
1;365;1
2;2;1
2;42;1
2;54;1
2;70;1
2;103;0
2;107;0
2;114;1
2;138;0
2;162;1
2;188;1
2;223;0
2;244;0
2;247;1
2;278;1
2;300;1
2;307;1
2;309;1
2;312;0
2;320;1
2;366;1
3;3;1
3;43;1
3;55;1
3;70;0
3;104;1
3;107;0
3;115;1
3;139;1
3;163;1
3;188;0
3;224;1
3;244;0
3;248;1
3;278;0
3;301;1
3;307;0
3;309;0
3;313;1
3;321;1
3;367;1
4;4;1
4;43;0
4;56;1
4;70;0
4;105;1
4;107;0
4;116;1
4;140;1
4;164;1
4;188;0
4;225;1
4;245;1
4;248;0
4;279;1
4;302;1
4;308;1
4;310;1
4;313;0
4;322;1
4;368;1
5;4;0
5;43;0
5;56;0
5;71;1
5;105;0
5;107;0
5;117;1
5;141;1
5;164;0
5;188;0
5;226;1
5;246;1
5;249;1
5;279;0
5;303;1
5;308;0
5;311;1
5;314;1
5;323;1
5;369;1
6;5;1
6;43;0
6;57;1
6;72;1
6;105;0
6;107;0
6;118;1
6;142;1
6;165;1
6;189;1
6;226;0
6;247;1
6;250;1
6;280;1
6;303;0
6;309;1
6;311;0
6;315;1
6;324;1
6;370;1
7;6;1
7;43;0
7;57;0
7;73;1
7;106;1
7;108;1
7;118;0
7;143;1
7;166;1
7;189;0
7;227;1
7;248;1
7;250;0
7;281;1
7;303;0
7;310;1
7;312;1
7;315;0
7;325;1
7;370;0
8;6;0
8;44;1
8;57;0
8;74;1
8;107;1
8;108;0
8;119;1
8;144;1
8;167;1
8;189;0
8;228;1
8;248;0
8;250;0
8;282;1
8;304;1
8;311;1
8;313;1
8;316;1
8;326;1
8;370;0
9;7;1
9;45;1
9;57;0
9;75;1
9;107;0
9;108;0
9;120;1
9;145;1
9;167;0
9;190;1
9;229;1
9;249;1
9;251;1
9;283;1
9;304;0
9;312;1
9;314;1
9;316;0
9;327;1
9;371;1
10;8;1
10;45;0
10;57;0
10;75;0
10;107;0
10;109;1
10;121;1
10;146;1
10;167;0
10;191;1
10;229;0
10;250;1
10;252;1
10;283;0
10;305;1
10;312;0
10;315;1
10;316;0
10;327;0
10;371;0
11;9;1
11;46;1
11;57;0
11;75;0
11;108;1
11;110;1
11;122;1
11;146;0
11;168;1
11;192;1
11;230;1
11;251;1
11;252;0
11;284;1
11;306;1
11;313;1
11;315;0
11;316;0
11;327;0
11;372;1
12;9;0
12;46;0
12;58;1
12;75;0
12;109;1
12;111;1
12;123;1
12;147;1
12;169;1
12;192;0
12;230;0
12;251;0
12;252;0
12;285;1
12;306;0
12;314;1
12;315;0
12;317;1
12;327;0
12;373;1
13;10;1
13;47;1
13;59;1
13;75;0
13;109;0
13;112;1
13;123;0
13;148;1
13;170;1
13;193;1
13;231;1
13;251;0
13;253;1
13;286;1
13;307;1
13;314;0
13;316;1
13;317;0
13;327;0
13;374;1
14;11;1
14;48;1
14;60;1
14;76;1
14;109;0
14;112;0
14;123;0
14;149;1
14;171;1
14;193;0
14;232;1
14;252;1
14;254;1
14;287;1
14;308;1
14;314;0
14;316;0
14;318;1
14;328;1
14;375;1
15;12;1
15;48;0
15;61;1
15;76;0
15;110;1
15;112;0
15;124;1
15;150;1
15;171;0
15;193;0
15;232;0
15;253;1
15;255;1
15;288;1
15;309;1
15;314;0
15;317;1
15;319;1
15;328;0
15;376;1
16;13;1
16;48;0
16;62;1
16;76;0
16;111;1
16;113;1
16;124;0
16;151;1
16;172;1
16;194;1
16;233;1
16;254;1
16;256;1
16;288;0
16;310;1
16;315;1
16;318;1
16;319;0
16;328;0
16;377;1
17;13;0
17;48;0
17;63;1
17;76;0
17;112;1
17;113;0
17;125;1
17;152;1
17;173;1
17;195;1
17;234;1
17;255;1
17;257;1
17;288;0
17;311;1
17;315;0
17;318;0
17;319;0
17;328;0
17;377;0
18;14;1
18;49;1
18;64;1
18;77;1
18;112;0
18;113;0
18;126;1
18;153;1
18;174;1
18;196;1
18;234;0
18;255;0
18;258;1
18;289;1
18;312;1
18;316;1
18;318;0
18;319;0
18;328;0
18;377;0
19;15;1
19;49;0
19;65;1
19;78;1
19;112;0
19;114;1
19;127;1
19;154;1
19;175;1
19;197;1
19;235;1
19;256;1
19;259;1
19;290;1
19;312;0
19;317;1
19;318;0
19;320;1
19;329;1
19;377;0
20;16;1
20;50;1
20;66;1
20;79;1
20;113;1
20;115;1
20;127;0
20;155;1
20;176;1
20;198;1
20;236;1
20;257;1
20;260;1
20;291;1
20;313;1
20;317;0
20;318;0
20;320;0
20;330;1
20;378;1
21;16;0
21;50;0
21;66;0
21;80;1
21;113;0
21;116;1
21;128;1
21;156;1
21;177;1
21;199;1
21;237;1
21;258;1
21;261;1
21;291;0
21;314;1
21;317;0
21;319;1
21;320;0
21;331;1
21;379;1
22;17;1
22;50;0
22;67;1
22;80;0
22;114;1
22;116;0
22;128;0
22;156;0
22;178;1
22;199;0
22;238;1
22;258;0
22;261;0
22;292;1
22;315;1
22;318;1
22;319;0
22;321;1
22;331;0
22;380;1
23;18;1
23;51;1
23;68;1
23;81;1
23;115;1
23;117;1
23;129;1
23;156;0
23;178;0
23;199;0
23;239;1
23;259;1
23;262;1
23;293;1
23;316;1
23;318;0
23;319;0
23;322;1
23;331;0
23;381;1
24;18;0
24;52;1
24;69;1
24;82;1
24;116;1
24;118;1
24;130;1
24;157;1
24;179;1
24;200;1
24;240;1
24;260;1
24;263;1
24;293;0
24;317;1
24;318;0
24;319;0
24;323;1
24;332;1
24;381;0
25;19;1
25;53;1
25;70;1
25;83;1
25;116;0
25;119;1
25;131;1
25;158;1
25;180;1
25;200;0
25;240;0
25;260;0
25;264;1
25;294;1
25;317;0
25;318;0
25;319;0
25;324;1
25;333;1
25;381;0
26;19;0
26;53;0
26;70;0
26;83;0
26;117;1
26;120;1
26;132;1
26;159;1
26;181;1
26;201;1
26;241;1
26;261;1
26;265;1
26;294;0
26;317;0
26;318;0
26;320;1
26;325;1
26;334;1
26;382;1
27;20;1
27;54;1
27;71;1
27;84;1
27;118;1
27;120;0
27;133;1
27;160;1
27;181;0
27;202;1
27;242;1
27;262;1
27;265;0
27;294;0
27;317;0
27;318;0
27;321;1
27;325;0
27;334;0
27;383;1
28;21;1
28;54;0
28;72;1
28;84;0
28;119;1
28;120;0
28;134;1
28;161;1
28;182;1
28;203;1
28;242;0
28;263;1
28;266;1
28;295;1
28;317;0
28;319;1
28;322;1
28;326;1
28;334;0
28;384;1
29;21;0
29;54;0
29;73;1
29;85;1
29;119;0
29;121;1
29;135;1
29;162;1
29;182;0
29;204;1
29;242;0
29;264;1
29;267;1
29;296;1
29;318;1
29;320;1
29;323;1
29;327;1
29;335;1
29;385;1
30;21;0
30;54;0
30;73;0
30;85;0
30;120;1
30;122;1
30;136;1
30;163;1
30;183;1
30;204;0
30;243;1
30;264;0
30;268;1
30;297;1
30;319;1
30;321;1
30;324;1
30;328;1
30;336;1
30;385;0
31;22;1
31;54;0
31;74;1
31;86;1
31;121;1
31;123;1
31;137;1
31;164;1
31;184;1
31;205;1
31;244;1
31;265;1
31;268;0
31;298;1
31;320;1
31;322;1
31;325;1
31;328;0
31;337;1
31;386;1
32;23;1
32;55;1
32;75;1
32;86;0
32;122;1
32;123;0
32;138;1
32;164;0
32;184;0
32;205;0
32;245;1
32;266;1
32;269;1
32;298;0
32;321;1
32;322;0
32;325;0
32;329;1
32;338;1
32;387;1
33;24;1
33;56;1
33;75;0
33;86;0
33;122;0
33;124;1
33;139;1
33;165;1
33;185;1
33;206;1
33;245;0
33;267;1
33;269;0
33;298;0
33;321;0
33;323;1
33;326;1
33;330;1
33;338;0
33;388;1
34;25;1
34;56;0
34;75;0
34;87;1
34;123;1
34;125;1
34;139;0
34;166;1
34;186;1
34;206;0
34;246;1
34;268;1
34;270;1
34;299;1
34;322;1
34;324;1
34;327;1
34;330;0
34;339;1
34;389;1
35;25;0
35;57;1
35;76;1
35;87;0
35;124;1
35;126;1
35;140;1
35;166;0
35;187;1
35;206;0
35;246;0
35;268;0
35;270;0
35;299;0
35;323;1
35;324;0
35;328;1
35;331;1
35;340;1
35;390;1
36;25;0
36;57;0
36;77;1
36;88;1
36;125;1
36;127;1
36;141;1
36;166;0
36;187;0
36;206;0
36;247;1
36;269;1
36;271;1
36;300;1
36;323;0
36;325;1
36;329;1
36;331;0
36;341;1
36;391;1
37;26;1
37;57;0
37;77;0
37;89;1
37;126;1
37;128;1
37;142;1
37;167;1
37;187;0
37;207;1
37;248;1
37;270;1
37;272;1
37;301;1
37;323;0
37;325;0
37;329;0
37;332;1
37;342;1
37;391;0
38;26;0
38;58;1
38;78;1
38;90;1
38;126;0
38;128;0
38;143;1
38;168;1
38;188;1
38;207;0
38;249;1
38;271;1
38;273;1
38;302;1
38;324;1
38;326;1
38;330;1
38;333;1
38;342;0
38;392;1
39;27;1
39;59;1
39;78;0
39;91;1
39;127;1
39;129;1
39;144;1
39;169;1
39;189;1
39;208;1
39;250;1
39;272;1
39;274;1
39;302;0
39;325;1
39;327;1
39;331;1
39;333;0
39;342;0
39;393;1
40;28;1
40;59;0
40;78;0
40;91;0
40;128;1
40;129;0
40;144;0
40;169;0
40;189;0
40;209;1
40;251;1
40;273;1
40;275;1
40;302;0
40;326;1
40;328;1
40;332;1
40;334;1
40;342;0
40;393;0
41;28;0
41;60;1
41;79;1
41;92;1
41;128;0
41;130;1
41;144;0
41;169;0
41;190;1
41;210;1
41;251;0
41;274;1
41;275;0
41;302;0
41;327;1
41;329;1
41;333;1
41;334;0
41;343;1
41;394;1
42;29;1
42;61;1
42;79;0
42;92;0
42;128;0
42;131;1
42;145;1
42;170;1
42;191;1
42;211;1
42;252;1
42;274;0
42;276;1
42;303;1
42;328;1
42;330;1
42;333;0
42;335;1
42;343;0
42;395;1
43;30;1
43;61;0
43;80;1
43;93;1
43;129;1
43;131;0
43;146;1
43;171;1
43;192;1
43;212;1
43;252;0
43;275;1
43;277;1
43;304;1
43;328;0
43;331;1
43;334;1
43;335;0
43;344;1
43;396;1
44;30;0
44;61;0
44;81;1
44;94;1
44;129;0
44;131;0
44;146;0
44;171;0
44;193;1
44;213;1
44;253;1
44;276;1
44;278;1
44;305;1
44;329;1
44;332;1
44;334;0
44;336;1
44;344;0
44;397;1
45;30;0
45;62;1
45;82;1
45;95;1
45;130;1
45;132;1
45;147;1
45;172;1
45;194;1
45;213;0
45;254;1
45;276;0
45;278;0
45;306;1
45;330;1
45;332;0
45;334;0
45;337;1
45;344;0
45;397;0
46;31;1
46;62;0
46;82;0
46;96;1
46;130;0
46;132;0
46;148;1
46;172;0
46;194;0
46;214;1
46;254;0
46;277;1
46;279;1
46;307;1
46;331;1
46;333;1
46;334;0
46;337;0
46;345;1
46;398;1
47;32;1
47;62;0
47;83;1
47;97;1
47;131;1
47;133;1
47;148;0
47;172;0
47;195;1
47;214;0
47;255;1
47;278;1
47;280;1
47;308;1
47;332;1
47;333;0
47;334;0
47;338;1
47;346;1
47;399;1
48;32;0
48;63;1
48;83;0
48;97;0
48;132;1
48;134;1
48;149;1
48;173;1
48;196;1
48;215;1
48;256;1
48;278;0
48;281;1
48;309;1
48;332;0
48;333;0
48;335;1
48;339;1
48;346;0
48;399;0
49;32;0
49;64;1
49;84;1
49;97;0
49;132;0
49;134;0
49;150;1
49;174;1
49;197;1
49;215;0
49;257;1
49;278;0
49;281;0
49;310;1
49;332;0
49;334;1
49;335;0
49;340;1
49;347;1
49;0;1
50;32;0
50;64;0
50;84;0
50;98;1
50;132;0
50;135;1
50;150;0
50;175;1
50;198;1
50;215;0
50;258;1
50;278;0
50;282;1
50;311;1
50;332;0
50;334;0
50;335;0
50;341;1
50;348;1
50;1;1
51;32;0
51;65;1
51;84;0
51;99;1
51;133;1
51;136;1
51;150;0
51;176;1
51;199;1
51;216;1
51;259;1
51;279;1
51;282;0
51;312;1
51;333;1
51;334;0
51;336;1
51;342;1
51;349;1
51;2;1
52;32;0
52;66;1
52;84;0
52;99;0
52;134;1
52;136;0
52;150;0
52;176;0
52;199;0
52;217;1
52;260;1
52;280;1
52;282;0
52;313;1
52;333;0
52;335;1
52;337;1
52;342;0
52;350;1
52;3;1
53;33;1
53;66;0
53;85;1
53;100;1
53;135;1
53;136;0
53;150;0
53;177;1
53;200;1
53;218;1
53;261;1
53;281;1
53;282;0
53;314;1
53;333;0
53;336;1
53;338;1
53;343;1
53;351;1
53;4;1
54;34;1
54;67;1
54;86;1
54;101;1
54;135;0
54;137;1
54;151;1
54;178;1
54;200;0
54;219;1
54;262;1
54;281;0
54;282;0
54;315;1
54;334;1
54;337;1
54;339;1
54;344;1
54;352;1
54;4;0
55;34;0
55;68;1
55;87;1
55;102;1
55;135;0
55;137;0
55;152;1
55;178;0
55;201;1
55;220;1
55;263;1
55;281;0
55;283;1
55;316;1
55;335;1
55;338;1
55;339;0
55;344;0
55;353;1
55;4;0
56;35;1
56;69;1
56;87;0
56;103;1
56;136;1
56;138;1
56;153;1
56;178;0
56;202;1
56;221;1
56;264;1
56;282;1
56;284;1
56;317;1
56;335;0
56;338;0
56;340;1
56;345;1
56;354;1
56;5;1
57;36;1
57;69;0
57;87;0
57;103;0
57;137;1
57;139;1
57;154;1
57;178;0
57;202;0
57;222;1
57;265;1
57;282;0
57;285;1
57;318;1
57;335;0
57;339;1
57;341;1
57;346;1
57;355;1
57;5;0
58;37;1
58;70;1
58;87;0
58;104;1
58;137;0
58;140;1
58;154;0
58;178;0
58;203;1
58;222;0
58;266;1
58;283;1
58;285;0
58;319;1
58;336;1
58;340;1
58;342;1
58;347;1
58;356;1
58;6;1
59;38;1
59;71;1
59;88;1
59;105;1
59;138;1
59;141;1
59;155;1
59;178;0
59;204;1
59;223;1
59;267;1
59;284;1
59;286;1
59;320;1
59;337;1
59;340;0
59;343;1
59;348;1
59;356;0
59;7;1
60;38;0
60;72;1
60;88;0
60;105;0
60;138;0
60;142;1
60;155;0
60;178;0
60;205;1
60;223;0
60;267;0
60;284;0
60;287;1
60;321;1
60;338;1
60;341;1
60;344;1
60;348;0
60;356;0
60;8;1
61;39;1
61;72;0
61;89;1
61;105;0
61;139;1
61;143;1
61;156;1
61;179;1
61;205;0
61;223;0
61;268;1
61;285;1
61;288;1
61;322;1
61;339;1
61;342;1
61;345;1
61;349;1
61;357;1
61;8;0
62;39;0
62;73;1
62;89;0
62;106;1
62;140;1
62;144;1
62;156;0
62;180;1
62;206;1
62;223;0
62;268;0
62;286;1
62;289;1
62;323;1
62;340;1
62;343;1
62;345;0
62;349;0
62;357;0
62;9;1
63;39;0
63;73;0
63;90;1
63;107;1
63;141;1
63;144;0
63;157;1
63;181;1
63;207;1
63;224;1
63;268;0
63;287;1
63;289;0
63;324;1
63;341;1
63;344;1
63;345;0
63;350;1
63;358;1
63;10;1
64;40;1
64;74;1
64;91;1
64;108;1
64;142;1
64;144;0
64;158;1
64;181;0
64;207;0
64;225;1
64;268;0
64;287;0
64;289;0
64;325;1
64;342;1
64;344;0
64;346;1
64;351;1
64;358;0
64;11;1
65;41;1
65;75;1
65;92;1
65;109;1
65;143;1
65;144;0
65;158;0
65;181;0
65;208;1
65;225;0
65;268;0
65;287;0
65;290;1
65;326;1
65;343;1
65;345;1
65;347;1
65;351;0
65;358;0
65;12;1
66;42;1
66;76;1
66;93;1
66;110;1
66;143;0
66;145;1
66;159;1
66;182;1
66;208;0
66;226;1
66;269;1
66;287;0
66;291;1
66;327;1
66;344;1
66;346;1
66;348;1
66;351;0
66;358;0
66;13;1
67;43;1
67;76;0
67;93;0
67;110;0
67;144;1
67;146;1
67;159;0
67;182;0
67;209;1
67;226;0
67;270;1
67;287;0
67;292;1
67;328;1
67;345;1
67;346;0
67;349;1
67;352;1
67;358;0
67;14;1
68;44;1
68;77;1
68;93;0
68;111;1
68;145;1
68;147;1
68;160;1
68;183;1
68;210;1
68;226;0
68;271;1
68;287;0
68;293;1
68;328;0
68;345;0
68;347;1
68;350;1
68;353;1
68;359;1
68;14;0
69;44;0
69;78;1
69;93;0
69;111;0
69;146;1
69;148;1
69;161;1
69;183;0
69;210;0
69;226;0
69;272;1
69;288;1
69;294;1
69;329;1
69;346;1
69;348;1
69;351;1
69;353;0
69;360;1
69;15;1
70;44;0
70;79;1
70;94;1
70;112;1
70;146;0
70;148;0
70;161;0
70;183;0
70;211;1
70;226;0
70;273;1
70;288;0
70;295;1
70;329;0
70;346;0
70;349;1
70;351;0
70;353;0
70;360;0
70;16;1
71;45;1
71;80;1
71;94;0
71;113;1
71;147;1
71;149;1
71;161;0
71;183;0
71;211;0
71;227;1
71;274;1
71;288;0
71;296;1
71;330;1
71;347;1
71;349;0
71;351;0
71;354;1
71;360;0
71;17;1
72;45;0
72;80;0
72;95;1
72;114;1
72;148;1
72;150;1
72;162;1
72;184;1
72;212;1
72;228;1
72;275;1
72;289;1
72;297;1
72;331;1
72;348;1
72;350;1
72;351;0
72;355;1
72;361;1
72;18;1
73;46;1
73;81;1
73;96;1
73;115;1
73;149;1
73;150;0
73;163;1
73;184;0
73;213;1
73;229;1
73;276;1
73;289;0
73;297;0
73;332;1
73;349;1
73;350;0
73;352;1
73;356;1
73;362;1
73;19;1
74;47;1
74;82;1
74;96;0
74;115;0
74;149;0
74;151;1
74;164;1
74;184;0
74;214;1
74;230;1
74;276;0
74;289;0
74;298;1
74;333;1
74;349;0
74;351;1
74;353;1
74;357;1
74;363;1
74;20;1
75;48;1
75;83;1
75;97;1
75;116;1
75;150;1
75;152;1
75;165;1
75;184;0
75;214;0
75;231;1
75;276;0
75;290;1
75;299;1
75;333;0
75;349;0
75;352;1
75;353;0
75;357;0
75;364;1
75;20;0
76;49;1
76;83;0
76;97;0
76;116;0
76;150;0
76;153;1
76;166;1
76;185;1
76;215;1
76;232;1
76;277;1
76;290;0
76;300;1
76;334;1
76;350;1
76;352;0
76;353;0
76;358;1
76;364;0
76;21;1
77;50;1
77;84;1
77;97;0
77;117;1
77;151;1
77;153;0
77;166;0
77;186;1
77;216;1
77;232;0
77;278;1
77;291;1
77;300;0
77;335;1
77;350;0
77;352;0
77;354;1
77;358;0
77;365;1
77;22;1
78;51;1
78;85;1
78;98;1
78;118;1
78;152;1
78;154;1
78;167;1
78;186;0
78;217;1
78;233;1
78;279;1
78;292;1
78;301;1
78;336;1
78;350;0
78;352;0
78;354;0
78;359;1
78;366;1
78;23;1
79;52;1
79;86;1
79;99;1
79;119;1
79;153;1
79;155;1
79;168;1
79;187;1
79;217;0
79;233;0
79;280;1
79;292;0
79;302;1
79;337;1
79;351;1
79;353;1
79;354;0
79;360;1
79;367;1
79;24;1
80;53;1
80;87;1
80;100;1
80;119;0
80;154;1
80;156;1
80;168;0
80;188;1
80;217;0
80;234;1
80;280;0
80;293;1
80;303;1
80;337;0
80;351;0
80;353;0
80;355;1
80;361;1
80;368;1
80;24;0
81;54;1
81;88;1
81;100;0
81;120;1
81;154;0
81;157;1
81;168;0
81;189;1
81;218;1
81;234;0
81;280;0
81;294;1
81;303;0
81;337;0
81;352;1
81;354;1
81;355;0
81;362;1
81;368;0
81;25;1
82;54;0
82;88;0
82;100;0
82;120;0
82;155;1
82;158;1
82;168;0
82;189;0
82;218;0
82;234;0
82;281;1
82;295;1
82;304;1
82;337;0
82;352;0
82;354;0
82;356;1
82;363;1
82;369;1
82;25;0
83;55;1
83;89;1
83;101;1
83;121;1
83;155;0
83;158;0
83;168;0
83;190;1
83;219;1
83;235;1
83;282;1
83;295;0
83;305;1
83;337;0
83;352;0
83;354;0
83;356;0
83;364;1
83;370;1
83;25;0
84;56;1
84;89;0
84;102;1
84;122;1
84;156;1
84;159;1
84;168;0
84;191;1
84;220;1
84;236;1
84;282;0
84;296;1
84;306;1
84;338;1
84;353;1
84;355;1
84;357;1
84;364;0
84;371;1
84;26;1
85;57;1
85;90;1
85;103;1
85;123;1
85;156;0
85;160;1
85;169;1
85;192;1
85;221;1
85;236;0
85;283;1
85;297;1
85;307;1
85;339;1
85;354;1
85;356;1
85;358;1
85;365;1
85;371;0
85;27;1
86;58;1
86;90;0
86;103;0
86;124;1
86;157;1
86;160;0
86;169;0
86;193;1
86;221;0
86;236;0
86;283;0
86;298;1
86;307;0
86;339;0
86;354;0
86;357;1
86;359;1
86;366;1
86;371;0
86;28;1
87;58;0
87;91;1
87;104;1
87;124;0
87;158;1
87;160;0
87;169;0
87;193;0
87;222;1
87;236;0
87;283;0
87;298;0
87;308;1
87;340;1
87;355;1
87;358;1
87;360;1
87;367;1
87;371;0
87;29;1
88;59;1
88;92;1
88;104;0
88;125;1
88;159;1
88;161;1
88;169;0
88;194;1
88;223;1
88;236;0
88;284;1
88;299;1
88;309;1
88;341;1
88;356;1
88;359;1
88;361;1
88;368;1
88;372;1
88;29;0
89;60;1
89;93;1
89;105;1
89;126;1
89;160;1
89;162;1
89;170;1
89;195;1
89;224;1
89;237;1
89;284;0
89;300;1
89;309;0
89;341;0
89;357;1
89;360;1
89;362;1
89;369;1
89;372;0
89;29;0
90;60;0
90;94;1
90;106;1
90;127;1
90;160;0
90;162;0
90;170;0
90;196;1
90;225;1
90;237;0
90;285;1
90;301;1
90;310;1
90;342;1
90;357;0
90;360;0
90;363;1
90;370;1
90;372;0
90;29;0
91;61;1
91;95;1
91;106;0
91;128;1
91;160;0
91;163;1
91;170;0
91;197;1
91;225;0
91;238;1
91;286;1
91;302;1
91;311;1
91;342;0
91;357;0
91;360;0
91;364;1
91;371;1
91;373;1
91;29;0
92;62;1
92;95;0
92;107;1
92;129;1
92;161;1
92;164;1
92;171;1
92;198;1
92;226;1
92;239;1
92;287;1
92;303;1
92;312;1
92;343;1
92;357;0
92;360;0
92;364;0
92;372;1
92;374;1
92;30;1
93;63;1
93;96;1
93;108;1
93;129;0
93;162;1
93;165;1
93;171;0
93;199;1
93;227;1
93;240;1
93;288;1
93;303;0
93;313;1
93;344;1
93;357;0
93;360;0
93;365;1
93;373;1
93;374;0
93;31;1
94;64;1
94;97;1
94;109;1
94;129;0
94;163;1
94;166;1
94;172;1
94;200;1
94;228;1
94;240;0
94;289;1
94;303;0
94;314;1
94;345;1
94;358;1
94;361;1
94;365;0
94;373;0
94;375;1
94;32;1
95;65;1
95;98;1
95;109;0
95;129;0
95;164;1
95;167;1
95;173;1
95;201;1
95;229;1
95;241;1
95;290;1
95;303;0
95;314;0
95;346;1
95;358;0
95;362;1
95;366;1
95;373;0
95;375;0
95;33;1
96;66;1
96;99;1
96;109;0
96;130;1
96;165;1
96;168;1
96;174;1
96;202;1
96;229;0
96;242;1
96;290;0
96;304;1
96;315;1
96;347;1
96;359;1
96;363;1
96;367;1
96;373;0
96;376;1
96;34;1
97;67;1
97;99;0
97;110;1
97;130;0
97;165;0
97;168;0
97;175;1
97;202;0
97;230;1
97;243;1
97;291;1
97;305;1
97;316;1
97;348;1
97;359;0
97;363;0
97;368;1
97;374;1
97;377;1
97;34;0
98;67;0
98;100;1
98;111;1
98;131;1
98;165;0
98;169;1
98;176;1
98;202;0
98;230;0
98;243;0
98;292;1
98;306;1
98;316;0
98;348;0
98;359;0
98;364;1
98;369;1
98;375;1
98;378;1
98;35;1
99;68;1
99;101;1
99;112;1
99;132;1
99;165;0
99;170;1
99;177;1
99;202;0
99;230;0
99;243;0
99;292;0
99;307;1
99;317;1
99;348;0
99;360;1
99;365;1
99;370;1
99;376;1
99;378;0
99;36;1
100;68;0
100;102;1
100;112;0
100;132;0
100;166;1
100;171;1
100;178;1
100;203;1
100;230;0
100;244;1
100;293;1
100;307;0
100;318;1
100;349;1
100;361;1
100;366;1
100;371;1
100;377;1
100;379;1
100;37;1
101;68;0
101;102;0
101;112;0
101;133;1
101;167;1
101;172;1
101;178;0
101;203;0
101;231;1
101;245;1
101;294;1
101;308;1
101;318;0
101;349;0
101;361;0
101;367;1
101;371;0
101;378;1
101;380;1
101;38;1
102;68;0
102;103;1
102;113;1
102;133;0
102;168;1
102;173;1
102;179;1
102;204;1
102;232;1
102;246;1
102;295;1
102;308;0
102;319;1
102;350;1
102;362;1
102;368;1
102;371;0
102;379;1
102;381;1
102;39;1
103;68;0
103;103;0
103;113;0
103;133;0
103;168;0
103;174;1
103;180;1
103;204;0
103;233;1
103;247;1
103;296;1
103;309;1
103;319;0
103;351;1
103;363;1
103;369;1
103;372;1
103;379;0
103;382;1
103;40;1
104;68;0
104;103;0
104;114;1
104;134;1
104;169;1
104;174;0
104;181;1
104;204;0
104;234;1
104;247;0
104;296;0
104;310;1
104;319;0
104;352;1
104;364;1
104;369;0
104;372;0
104;380;1
104;382;0
104;41;1
105;69;1
105;104;1
105;115;1
105;134;0
105;169;0
105;174;0
105;182;1
105;205;1
105;234;0
105;247;0
105;296;0
105;310;0
105;320;1
105;352;0
105;365;1
105;370;1
105;372;0
105;381;1
105;383;1
105;42;1
106;70;1
106;104;0
106;116;1
106;135;1
106;169;0
106;175;1
106;182;0
106;205;0
106;234;0
106;248;1
106;297;1
106;311;1
106;320;0
106;352;0
106;365;0
106;371;1
106;373;1
106;382;1
106;384;1
106;43;1
107;71;1
107;105;1
107;116;0
107;135;0
107;170;1
107;175;0
107;183;1
107;206;1
107;234;0
107;248;0
107;298;1
107;312;1
107;320;0
107;352;0
107;366;1
107;371;0
107;374;1
107;383;1
107;385;1
107;43;0
108;72;1
108;106;1
108;116;0
108;136;1
108;170;0
108;175;0
108;183;0
108;206;0
108;235;1
108;249;1
108;299;1
108;312;0
108;320;0
108;353;1
108;366;0
108;372;1
108;374;0
108;384;1
108;385;0
108;43;0
109;73;1
109;107;1
109;116;0
109;136;0
109;170;0
109;176;1
109;183;0
109;207;1
109;236;1
109;250;1
109;300;1
109;312;0
109;321;1
109;354;1
109;366;0
109;372;0
109;375;1
109;384;0
109;385;0
109;44;1
110;73;0
110;108;1
110;117;1
110;137;1
110;171;1
110;177;1
110;184;1
110;208;1
110;236;0
110;251;1
110;300;0
110;313;1
110;322;1
110;354;0
110;367;1
110;373;1
110;376;1
110;384;0
110;385;0
110;45;1
111;74;1
111;109;1
111;118;1
111;138;1
111;172;1
111;178;1
111;185;1
111;209;1
111;237;1
111;251;0
111;301;1
111;314;1
111;323;1
111;354;0
111;368;1
111;373;0
111;377;1
111;384;0
111;385;0
111;45;0
112;74;0
112;109;0
112;118;0
112;139;1
112;173;1
112;178;0
112;185;0
112;209;0
112;238;1
112;251;0
112;302;1
112;315;1
112;323;0
112;354;0
112;369;1
112;373;0
112;378;1
112;384;0
112;386;1
112;46;1
113;74;0
113;110;1
113;118;0
113;140;1
113;174;1
113;179;1
113;186;1
113;210;1
113;239;1
113;251;0
113;303;1
113;316;1
113;324;1
113;355;1
113;369;0
113;374;1
113;379;1
113;384;0
113;386;0
113;47;1
114;75;1
114;111;1
114;119;1
114;141;1
114;174;0
114;180;1
114;187;1
114;210;0
114;239;0
114;252;1
114;304;1
114;316;0
114;324;0
114;356;1
114;369;0
114;375;1
114;380;1
114;385;1
114;386;0
114;48;1
115;76;1
115;111;0
115;120;1
115;142;1
115;175;1
115;181;1
115;188;1
115;211;1
115;240;1
115;253;1
115;305;1
115;316;0
115;325;1
115;357;1
115;370;1
115;376;1
115;381;1
115;385;0
115;387;1
115;49;1
116;77;1
116;112;1
116;120;0
116;142;0
116;176;1
116;182;1
116;189;1
116;212;1
116;240;0
116;253;0
116;306;1
116;317;1
116;326;1
116;358;1
116;370;0
116;376;0
116;382;1
116;386;1
116;388;1
116;50;1
117;78;1
117;113;1
117;120;0
117;143;1
117;176;0
117;182;0
117;190;1
117;212;0
117;241;1
117;254;1
117;306;0
117;318;1
117;326;0
117;359;1
117;371;1
117;377;1
117;382;0
117;387;1
117;389;1
117;51;1
118;79;1
118;114;1
118;121;1
118;143;0
118;176;0
118;182;0
118;191;1
118;213;1
118;242;1
118;255;1
118;307;1
118;319;1
118;327;1
118;360;1
118;371;0
118;378;1
118;382;0
118;388;1
118;390;1
118;52;1
119;80;1
119;114;0
119;122;1
119;144;1
119;177;1
119;183;1
119;192;1
119;213;0
119;243;1
119;256;1
119;307;0
119;319;0
119;328;1
119;360;0
119;372;1
119;379;1
119;383;1
119;389;1
119;391;1
119;53;1
120;80;0
120;115;1
120;123;1
120;144;0
120;178;1
120;184;1
120;192;0
120;214;1
120;243;0
120;256;0
120;307;0
120;319;0
120;329;1
120;361;1
120;373;1
120;380;1
120;384;1
120;389;0
120;392;1
120;54;1
121;81;1
121;115;0
121;123;0
121;144;0
121;179;1
121;184;0
121;193;1
121;215;1
121;244;1
121;256;0
121;308;1
121;319;0
121;329;0
121;362;1
121;374;1
121;381;1
121;385;1
121;389;0
121;392;0
121;55;1
122;82;1
122;115;0
122;123;0
122;144;0
122;180;1
122;184;0
122;193;0
122;216;1
122;244;0
122;256;0
122;309;1
122;320;1
122;330;1
122;363;1
122;375;1
122;382;1
122;386;1
122;390;1
122;393;1
122;56;1
123;83;1
123;116;1
123;124;1
123;144;0
123;181;1
123;185;1
123;193;0
123;216;0
123;245;1
123;256;0
123;310;1
123;321;1
123;331;1
123;364;1
123;376;1
123;382;0
123;387;1
123;391;1
123;393;0
123;56;0
124;84;1
124;117;1
124;124;0
124;144;0
124;182;1
124;185;0
124;194;1
124;217;1
124;246;1
124;256;0
124;311;1
124;321;0
124;332;1
124;365;1
124;377;1
124;383;1
124;387;0
124;392;1
124;394;1
124;56;0
125;84;0
125;117;0
125;125;1
125;144;0
125;182;0
125;185;0
125;195;1
125;218;1
125;247;1
125;257;1
125;312;1
125;322;1
125;332;0
125;366;1
125;378;1
125;384;1
125;387;0
125;393;1
125;395;1
125;56;0
126;85;1
126;118;1
126;126;1
126;145;1
126;183;1
126;186;1
126;195;0
126;218;0
126;247;0
126;257;0
126;313;1
126;323;1
126;333;1
126;367;1
126;379;1
126;384;0
126;388;1
126;394;1
126;395;0
126;56;0
127;86;1
127;118;0
127;127;1
127;146;1
127;184;1
127;186;0
127;195;0
127;219;1
127;248;1
127;258;1
127;314;1
127;324;1
127;334;1
127;368;1
127;380;1
127;385;1
127;388;0
127;394;0
127;395;0
127;57;1
128;87;1
128;118;0
128;128;1
128;147;1
128;184;0
128;187;1
128;195;0
128;219;0
128;248;0
128;258;0
128;314;0
128;325;1
128;335;1
128;369;1
128;381;1
128;386;1
128;389;1
128;394;0
128;396;1
128;57;0
129;88;1
129;118;0
129;129;1
129;147;0
129;185;1
129;188;1
129;196;1
129;219;0
129;249;1
129;259;1
129;314;0
129;325;0
129;336;1
129;370;1
129;382;1
129;386;0
129;389;0
129;394;0
129;396;0
129;58;1
130;88;0
130;118;0
130;130;1
130;148;1
130;185;0
130;189;1
130;197;1
130;220;1
130;250;1
130;260;1
130;315;1
130;325;0
130;337;1
130;370;0
130;383;1
130;387;1
130;390;1
130;395;1
130;396;0
130;59;1
131;88;0
131;119;1
131;130;0
131;149;1
131;186;1
131;190;1
131;198;1
131;220;0
131;250;0
131;260;0
131;316;1
131;325;0
131;337;0
131;371;1
131;383;0
131;388;1
131;391;1
131;395;0
131;397;1
131;60;1
132;89;1
132;120;1
132;131;1
132;150;1
132;186;0
132;191;1
132;199;1
132;221;1
132;251;1
132;261;1
132;316;0
132;326;1
132;338;1
132;371;0
132;384;1
132;389;1
132;392;1
132;395;0
132;398;1
132;60;0
133;89;0
133;120;0
133;131;0
133;150;0
133;186;0
133;192;1
133;199;0
133;222;1
133;251;0
133;262;1
133;317;1
133;327;1
133;339;1
133;371;0
133;385;1
133;390;1
133;393;1
133;395;0
133;398;0
133;61;1
134;90;1
134;120;0
134;132;1
134;151;1
134;187;1
134;193;1
134;199;0
134;223;1
134;251;0
134;262;0
134;318;1
134;328;1
134;339;0
134;372;1
134;386;1
134;391;1
134;393;0
134;395;0
134;399;1
134;62;1
135;90;0
135;121;1
135;133;1
135;152;1
135;187;0
135;193;0
135;200;1
135;224;1
135;251;0
135;263;1
135;318;0
135;328;0
135;340;1
135;372;0
135;386;0
135;391;0
135;393;0
135;396;1
135;399;0
135;63;1
136;90;0
136;122;1
136;134;1
136;153;1
136;188;1
136;194;1
136;200;0
136;224;0
136;252;1
136;264;1
136;319;1
136;328;0
136;340;0
136;373;1
136;386;0
136;392;1
136;394;1
136;397;1
136;399;0
136;64;1
137;91;1
137;123;1
137;135;1
137;154;1
137;189;1
137;195;1
137;201;1
137;224;0
137;252;0
137;265;1
137;319;0
137;328;0
137;341;1
137;374;1
137;387;1
137;393;1
137;394;0
137;397;0
137;399;0
137;65;1
138;92;1
138;124;1
138;135;0
138;155;1
138;190;1
138;195;0
138;202;1
138;225;1
138;253;1
138;266;1
138;319;0
138;329;1
138;342;1
138;375;1
138;388;1
138;393;0
138;394;0
138;397;0
138;0;1
138;65;0
139;93;1
139;125;1
139;136;1
139;155;0
139;190;0
139;196;1
139;202;0
139;225;0
139;253;0
139;267;1
139;320;1
139;330;1
139;343;1
139;376;1
139;388;0
139;393;0
139;395;1
139;398;1
139;1;1
139;65;0
140;93;0
140;125;0
140;137;1
140;155;0
140;190;0
140;197;1
140;203;1
140;225;0
140;254;1
140;268;1
140;321;1
140;331;1
140;344;1
140;377;1
140;389;1
140;394;1
140;396;1
140;399;1
140;2;1
140;66;1
141;93;0
141;126;1
141;138;1
141;156;1
141;190;0
141;197;0
141;204;1
141;226;1
141;255;1
141;269;1
141;322;1
141;332;1
141;345;1
141;378;1
141;390;1
141;394;0
141;397;1
141;0;1
141;2;0
141;67;1
142;93;0
142;127;1
142;139;1
142;157;1
142;191;1
142;198;1
142;205;1
142;227;1
142;255;0
142;269;0
142;322;0
142;333;1
142;346;1
142;378;0
142;391;1
142;395;1
142;398;1
142;1;1
142;3;1
142;67;0
143;94;1
143;127;0
143;139;0
143;157;0
143;191;0
143;198;0
143;206;1
143;227;0
143;256;1
143;270;1
143;323;1
143;334;1
143;347;1
143;379;1
143;392;1
143;396;1
143;399;1
143;2;1
143;4;1
143;67;0
144;94;0
144;128;1
144;140;1
144;158;1
144;191;0
144;198;0
144;206;0
144;228;1
144;257;1
144;271;1
144;324;1
144;335;1
144;347;0
144;380;1
144;392;0
144;396;0
144;0;1
144;3;1
144;5;1
144;68;1
145;95;1
145;129;1
145;141;1
145;159;1
145;192;1
145;198;0
145;207;1
145;228;0
145;258;1
145;272;1
145;325;1
145;336;1
145;348;1
145;380;0
145;392;0
145;397;1
145;1;1
145;4;1
145;6;1
145;68;0
146;96;1
146;129;0
146;141;0
146;160;1
146;192;0
146;198;0
146;208;1
146;229;1
146;259;1
146;273;1
146;326;1
146;336;0
146;349;1
146;381;1
146;393;1
146;397;0
146;1;0
146;4;0
146;7;1
146;69;1
147;97;1
147;130;1
147;141;0
147;160;0
147;192;0
147;198;0
147;209;1
147;230;1
147;260;1
147;274;1
147;327;1
147;336;0
147;350;1
147;382;1
147;393;0
147;397;0
147;2;1
147;5;1
147;7;0
147;69;0
148;97;0
148;130;0
148;142;1
148;161;1
148;193;1
148;198;0
148;209;0
148;231;1
148;260;0
148;275;1
148;327;0
148;337;1
148;351;1
148;383;1
148;394;1
148;398;1
148;2;0
148;6;1
148;7;0
148;70;1
149;98;1
149;131;1
149;142;0
149;161;0
149;194;1
149;199;1
149;210;1
149;231;0
149;261;1
149;276;1
149;328;1
149;337;0
149;351;0
149;384;1
149;395;1
149;399;1
149;3;1
149;6;0
149;8;1
149;71;1
150;99;1
150;132;1
150;143;1
150;162;1
150;194;0
150;199;0
150;210;0
150;232;1
150;262;1
150;277;1
150;328;0
150;338;1
150;352;1
150;384;0
150;395;0
150;0;1
150;3;0
150;7;1
150;9;1
150;72;1
151;100;1
151;133;1
151;144;1
151;163;1
151;194;0
151;199;0
151;211;1
151;232;0
151;262;0
151;277;0
151;329;1
151;339;1
151;352;0
151;384;0
151;395;0
151;1;1
151;4;1
151;7;0
151;9;0
151;73;1
152;100;0
152;133;0
152;145;1
152;163;0
152;194;0
152;200;1
152;211;0
152;233;1
152;262;0
152;278;1
152;329;0
152;340;1
152;353;1
152;385;1
152;396;1
152;2;1
152;5;1
152;8;1
152;10;1
152;74;1
153;100;0
153;133;0
153;146;1
153;164;1
153;194;0
153;201;1
153;211;0
153;234;1
153;263;1
153;279;1
153;329;0
153;341;1
153;354;1
153;386;1
153;397;1
153;3;1
153;6;1
153;9;1
153;11;1
153;75;1
154;100;0
154;133;0
154;147;1
154;165;1
154;195;1
154;201;0
154;211;0
154;235;1
154;264;1
154;280;1
154;329;0
154;341;0
154;355;1
154;387;1
154;397;0
154;4;1
154;7;1
154;10;1
154;12;1
154;76;1
155;100;0
155;134;1
155;147;0
155;166;1
155;195;0
155;201;0
155;212;1
155;235;0
155;265;1
155;280;0
155;330;1
155;342;1
155;356;1
155;387;0
155;398;1
155;5;1
155;8;1
155;11;1
155;12;0
155;77;1
156;101;1
156;135;1
156;148;1
156;167;1
156;196;1
156;202;1
156;212;0
156;236;1
156;266;1
156;280;0
156;331;1
156;342;0
156;357;1
156;387;0
156;399;1
156;5;0
156;8;0
156;11;0
156;13;1
156;78;1
157;102;1
157;136;1
157;148;0
157;168;1
157;197;1
157;203;1
157;212;0
157;237;1
157;267;1
157;280;0
157;332;1
157;343;1
157;357;0
157;387;0
157;399;0
157;6;1
157;9;1
157;11;0
157;14;1
157;78;0
158;103;1
158;137;1
158;148;0
158;168;0
158;198;1
158;204;1
158;213;1
158;237;0
158;267;0
158;281;1
158;333;1
158;344;1
158;358;1
158;387;0
158;0;1
158;7;1
158;10;1
158;12;1
158;15;1
158;79;1
159;104;1
159;137;0
159;148;0
159;168;0
159;198;0
159;205;1
159;214;1
159;238;1
159;267;0
159;281;0
159;333;0
159;345;1
159;359;1
159;387;0
159;1;1
159;8;1
159;11;1
159;13;1
159;15;0
159;79;0
160;104;0
160;137;0
160;148;0
160;169;1
160;199;1
160;206;1
160;214;0
160;238;0
160;267;0
160;282;1
160;333;0
160;346;1
160;359;0
160;388;1
160;1;0
160;9;1
160;12;1
160;13;0
160;16;1
160;80;1
161;105;1
161;138;1
161;149;1
161;169;0
161;200;1
161;207;1
161;215;1
161;238;0
161;267;0
161;283;1
161;333;0
161;347;1
161;360;1
161;389;1
161;2;1
161;10;1
161;12;0
161;14;1
161;16;0
161;81;1
162;105;0
162;139;1
162;149;0
162;169;0
162;201;1
162;207;0
162;215;0
162;239;1
162;267;0
162;284;1
162;333;0
162;348;1
162;360;0
162;390;1
162;2;0
162;10;0
162;13;1
162;15;1
162;17;1
162;82;1
163;106;1
163;140;1
163;150;1
163;169;0
163;202;1
163;208;1
163;215;0
163;240;1
163;268;1
163;285;1
163;333;0
163;349;1
163;361;1
163;391;1
163;2;0
163;11;1
163;14;1
163;15;0
163;17;0
163;83;1
164;106;0
164;140;0
164;151;1
164;170;1
164;203;1
164;208;0
164;215;0
164;241;1
164;269;1
164;286;1
164;333;0
164;350;1
164;362;1
164;391;0
164;3;1
164;11;0
164;14;0
164;15;0
164;18;1
164;83;0
165;107;1
165;141;1
165;152;1
165;171;1
165;204;1
165;209;1
165;216;1
165;242;1
165;270;1
165;286;0
165;334;1
165;351;1
165;363;1
165;392;1
165;4;1
165;12;1
165;14;0
165;16;1
165;19;1
165;83;0
166;108;1
166;142;1
166;152;0
166;172;1
166;205;1
166;210;1
166;217;1
166;243;1
166;270;0
166;287;1
166;335;1
166;352;1
166;364;1
166;393;1
166;4;0
166;13;1
166;15;1
166;17;1
166;20;1
166;83;0
167;108;0
167;142;0
167;153;1
167;172;0
167;206;1
167;211;1
167;218;1
167;243;0
167;270;0
167;287;0
167;335;0
167;352;0
167;365;1
167;394;1
167;5;1
167;14;1
167;15;0
167;18;1
167;21;1
167;83;0
168;109;1
168;142;0
168;154;1
168;173;1
168;207;1
168;211;0
168;219;1
168;244;1
168;270;0
168;288;1
168;335;0
168;352;0
168;365;0
168;395;1
168;5;0
168;14;0
168;16;1
168;19;1
168;22;1
168;83;0
169;109;0
169;143;1
169;155;1
169;173;0
169;208;1
169;211;0
169;220;1
169;245;1
169;271;1
169;289;1
169;336;1
169;352;0
169;366;1
169;396;1
169;6;1
169;15;1
169;17;1
169;20;1
169;22;0
169;84;1
170;110;1
170;143;0
170;156;1
170;174;1
170;209;1
170;212;1
170;221;1
170;245;0
170;272;1
170;290;1
170;337;1
170;353;1
170;366;0
170;397;1
170;6;0
170;16;1
170;17;0
170;21;1
170;22;0
170;84;0
171;111;1
171;144;1
171;157;1
171;175;1
171;210;1
171;213;1
171;222;1
171;246;1
171;272;0
171;291;1
171;337;0
171;354;1
171;367;1
171;397;0
171;7;1
171;16;0
171;17;0
171;21;0
171;23;1
171;85;1
172;111;0
172;145;1
172;157;0
172;176;1
172;211;1
172;214;1
172;222;0
172;247;1
172;273;1
172;292;1
172;338;1
172;354;0
172;367;0
172;398;1
172;7;0
172;16;0
172;18;1
172;22;1
172;24;1
172;85;0
173;112;1
173;146;1
173;158;1
173;176;0
173;211;0
173;214;0
173;223;1
173;248;1
173;274;1
173;292;0
173;339;1
173;354;0
173;368;1
173;399;1
173;8;1
173;17;1
173;19;1
173;23;1
173;25;1
173;85;0
174;113;1
174;146;0
174;159;1
174;177;1
174;212;1
174;215;1
174;224;1
174;248;0
174;275;1
174;293;1
174;340;1
174;355;1
174;368;0
174;399;0
174;8;0
174;18;1
174;19;0
174;24;1
174;25;0
174;86;1
175;114;1
175;147;1
175;160;1
175;178;1
175;213;1
175;215;0
175;225;1
175;249;1
175;276;1
175;293;0
175;340;0
175;356;1
175;368;0
175;0;1
175;9;1
175;18;0
175;19;0
175;24;0
175;25;0
175;87;1
176;114;0
176;148;1
176;160;0
176;179;1
176;213;0
176;215;0
176;226;1
176;249;0
176;277;1
176;294;1
176;341;1
176;356;0
176;369;1
176;0;0
176;10;1
176;18;0
176;20;1
176;24;0
176;26;1
176;88;1
177;114;0
177;149;1
177;161;1
177;179;0
177;214;1
177;216;1
177;227;1
177;249;0
177;277;0
177;294;0
177;341;0
177;357;1
177;370;1
177;1;1
177;10;0
177;19;1
177;20;0
177;25;1
177;27;1
177;88;0
178;115;1
178;150;1
178;162;1
178;180;1
178;215;1
178;217;1
178;228;1
178;249;0
178;278;1
178;295;1
178;342;1
178;357;0
178;371;1
178;2;1
178;10;0
178;19;0
178;21;1
178;26;1
178;27;0
178;89;1
179;115;0
179;151;1
179;162;0
179;181;1
179;216;1
179;218;1
179;229;1
179;250;1
179;278;0
179;295;0
179;342;0
179;357;0
179;372;1
179;2;0
179;11;1
179;19;0
179;22;1
179;26;0
179;28;1
179;90;1
180;115;0
180;152;1
180;162;0
180;182;1
180;217;1
180;218;0
180;229;0
180;251;1
180;279;1
180;296;1
180;343;1
180;357;0
180;373;1
180;3;1
180;12;1
180;20;1
180;22;0
180;27;1
180;29;1
180;91;1
181;115;0
181;152;0
181;163;1
181;183;1
181;217;0
181;219;1
181;230;1
181;252;1
181;280;1
181;297;1
181;343;0
181;357;0
181;374;1
181;3;0
181;13;1
181;21;1
181;22;0
181;28;1
181;30;1
181;91;0
182;116;1
182;153;1
182;164;1
182;184;1
182;217;0
182;220;1
182;231;1
182;252;0
182;280;0
182;297;0
182;344;1
182;358;1
182;375;1
182;4;1
182;14;1
182;21;0
182;23;1
182;28;0
182;30;0
182;91;0
183;116;0
183;154;1
183;165;1
183;185;1
183;218;1
183;220;0
183;232;1
183;253;1
183;280;0
183;298;1
183;345;1
183;358;0
183;376;1
183;4;0
183;14;0
183;21;0
183;23;0
183;29;1
183;30;0
183;92;1
184;117;1
184;155;1
184;165;0
184;186;1
184;219;1
184;220;0
184;233;1
184;254;1
184;280;0
184;299;1
184;346;1
184;358;0
184;377;1
184;5;1
184;15;1
184;22;1
184;24;1
184;29;0
184;31;1
184;93;1
185;118;1
185;155;0
185;165;0
185;187;1
185;219;0
185;221;1
185;233;0
185;255;1
185;281;1
185;299;0
185;347;1
185;359;1
185;377;0
185;5;0
185;16;1
185;22;0
185;24;0
185;30;1
185;31;0
185;94;1
186;118;0
186;155;0
186;166;1
186;187;0
186;220;1
186;222;1
186;234;1
186;256;1
186;281;0
186;300;1
186;348;1
186;360;1
186;378;1
186;6;1
186;17;1
186;22;0
186;25;1
186;30;0
186;32;1
186;95;1
187;118;0
187;156;1
187;167;1
187;188;1
187;220;0
187;222;0
187;235;1
187;257;1
187;282;1
187;301;1
187;348;0
187;361;1
187;379;1
187;7;1
187;17;0
187;23;1
187;25;0
187;31;1
187;32;0
187;95;0
188;119;1
188;157;1
188;168;1
188;189;1
188;221;1
188;223;1
188;236;1
188;258;1
188;283;1
188;302;1
188;349;1
188;362;1
188;380;1
188;7;0
188;18;1
188;24;1
188;26;1
188;31;0
188;33;1
188;96;1
189;119;0
189;157;0
189;169;1
189;190;1
189;221;0
189;223;0
189;237;1
189;259;1
189;284;1
189;302;0
189;350;1
189;363;1
189;381;1
189;7;0
189;19;1
189;25;1
189;27;1
189;32;1
189;34;1
189;97;1
190;119;0
190;157;0
190;170;1
190;190;0
190;221;0
190;224;1
190;238;1
190;260;1
190;285;1
190;302;0
190;351;1
190;364;1
190;381;0
190;8;1
190;20;1
190;26;1
190;28;1
190;32;0
190;34;0
190;98;1
191;119;0
191;158;1
191;171;1
191;190;0
191;222;1
191;224;0
191;239;1
191;261;1
191;285;0
191;303;1
191;352;1
191;364;0
191;382;1
191;9;1
191;21;1
191;27;1
191;29;1
191;32;0
191;34;0
191;98;0
192;120;1
192;158;0
192;171;0
192;191;1
192;223;1
192;225;1
192;240;1
192;261;0
192;286;1
192;304;1
192;353;1
192;365;1
192;382;0
192;10;1
192;21;0
192;28;1
192;30;1
192;33;1
192;35;1
192;98;0
193;121;1
193;159;1
193;172;1
193;192;1
193;224;1
193;225;0
193;241;1
193;262;1
193;287;1
193;305;1
193;353;0
193;366;1
193;382;0
193;11;1
193;22;1
193;29;1
193;30;0
193;34;1
193;36;1
193;99;1
194;122;1
194;160;1
194;172;0
194;193;1
194;224;0
194;226;1
194;242;1
194;263;1
194;288;1
194;306;1
194;354;1
194;366;0
194;383;1
194;12;1
194;23;1
194;29;0
194;31;1
194;34;0
194;37;1
194;100;1
195;123;1
195;161;1
195;173;1
195;194;1
195;225;1
195;227;1
195;242;0
195;264;1
195;289;1
195;307;1
195;354;0
195;366;0
195;384;1
195;12;0
195;24;1
195;30;1
195;31;0
195;35;1
195;37;0
195;100;0
196;124;1
196;162;1
196;174;1
196;194;0
196;226;1
196;228;1
196;243;1
196;264;0
196;290;1
196;307;0
196;355;1
196;366;0
196;384;0
196;13;1
196;25;1
196;30;0
196;32;1
196;35;0
196;37;0
196;101;1
197;125;1
197;162;0
197;174;0
197;195;1
197;227;1
197;229;1
197;244;1
197;265;1
197;291;1
197;308;1
197;355;0
197;367;1
197;384;0
197;14;1
197;26;1
197;31;1
197;33;1
197;36;1
197;37;0
197;102;1
198;126;1
198;163;1
198;174;0
198;196;1
198;228;1
198;230;1
198;244;0
198;266;1
198;292;1
198;309;1
198;356;1
198;367;0
198;384;0
198;15;1
198;27;1
198;32;1
198;34;1
198;36;0
198;38;1
198;103;1
199;127;1
199;164;1
199;175;1
199;196;0
199;228;0
199;230;0
199;245;1
199;267;1
199;293;1
199;310;1
199;357;1
199;367;0
199;384;0
199;16;1
199;28;1
199;33;1
199;34;0
199;36;0
199;39;1
199;103;0
200;128;1
200;165;1
200;176;1
200;197;1
200;229;1
200;231;1
200;246;1
200;267;0
200;294;1
200;311;1
200;357;0
200;368;1
200;385;1
200;17;1
200;28;0
200;33;0
200;35;1
200;37;1
200;40;1
200;104;1
201;128;0
201;165;0
201;176;0
201;197;0
201;230;1
201;231;0
201;247;1
201;268;1
201;294;0
201;311;0
201;358;1
201;368;0
201;386;1
201;18;1
201;28;0
201;34;1
201;36;1
201;38;1
201;40;0
201;105;1
202;129;1
202;165;0
202;176;0
202;197;0
202;230;0
202;232;1
202;247;0
202;269;1
202;294;0
202;312;1
202;359;1
202;369;1
202;387;1
202;19;1
202;29;1
202;35;1
202;37;1
202;38;0
202;40;0
202;106;1
203;130;1
203;166;1
203;177;1
203;197;0
203;231;1
203;232;0
203;248;1
203;270;1
203;295;1
203;313;1
203;360;1
203;370;1
203;388;1
203;19;0
203;30;1
203;36;1
203;37;0
203;39;1
203;40;0
203;106;0
204;131;1
204;166;0
204;177;0
204;198;1
204;231;0
204;232;0
204;248;0
204;270;0
204;296;1
204;314;1
204;361;1
204;371;1
204;388;0
204;19;0
204;31;1
204;36;0
204;38;1
204;39;0
204;40;0
204;107;1
205;131;0
205;166;0
205;178;1
205;199;1
205;231;0
205;233;1
205;249;1
205;271;1
205;296;0
205;314;0
205;362;1
205;372;1
205;388;0
205;20;1
205;31;0
205;36;0
205;38;0
205;39;0
205;41;1
205;108;1
206;132;1
206;167;1
206;179;1
206;200;1
206;232;1
206;234;1
206;249;0
206;272;1
206;297;1
206;314;0
206;362;0
206;372;0
206;388;0
206;21;1
206;32;1
206;37;1
206;38;0
206;40;1
206;41;0
206;108;0
207;133;1
207;168;1
207;180;1
207;201;1
207;233;1
207;235;1
207;249;0
207;273;1
207;298;1
207;315;1
207;363;1
207;373;1
207;389;1
207;21;0
207;33;1
207;37;0
207;39;1
207;40;0
207;41;0
207;109;1
208;134;1
208;169;1
208;181;1
208;202;1
208;233;0
208;236;1
208;250;1
208;274;1
208;299;1
208;316;1
208;363;0
208;374;1
208;389;0
208;21;0
208;34;1
208;37;0
208;39;0
208;40;0
208;41;0
208;110;1
209;135;1
209;170;1
209;182;1
209;202;0
209;233;0
209;237;1
209;250;0
209;275;1
209;300;1
209;316;0
209;363;0
209;375;1
209;390;1
209;22;1
209;35;1
209;38;1
209;39;0
209;40;0
209;41;0
209;111;1
210;135;0
210;171;1
210;183;1
210;203;1
210;233;0
210;237;0
210;251;1
210;276;1
210;301;1
210;317;1
210;363;0
210;376;1
210;390;0
210;22;0
210;35;0
210;38;0
210;39;0
210;40;0
210;42;1
210;111;0
211;136;1
211;171;0
211;184;1
211;204;1
211;233;0
211;237;0
211;251;0
211;276;0
211;302;1
211;317;0
211;364;1
211;376;0
211;391;1
211;22;0
211;35;0
211;38;0
211;39;0
211;40;0
211;43;1
211;111;0
212;137;1
212;172;1
212;185;1
212;204;0
212;233;0
212;237;0
212;252;1
212;277;1
212;303;1
212;318;1
212;365;1
212;377;1
212;392;1
212;22;0
212;36;1
212;38;0
212;39;0
212;40;0
212;44;1
212;111;0
213;138;1
213;173;1
213;185;0
213;205;1
213;233;0
213;237;0
213;252;0
213;278;1
213;304;1
213;319;1
213;366;1
213;378;1
213;393;1
213;22;0
213;36;0
213;38;0
213;39;0
213;41;1
213;45;1
213;112;1
214;139;1
214;173;0
214;186;1
214;206;1
214;234;1
214;238;1
214;253;1
214;279;1
214;304;0
214;320;1
214;366;0
214;378;0
214;394;1
214;23;1
214;37;1
214;38;0
214;40;1
214;41;0
214;46;1
214;112;0
215;140;1
215;174;1
215;186;0
215;206;0
215;234;0
215;239;1
215;254;1
215;279;0
215;304;0
215;321;1
215;366;0
215;379;1
215;394;0
215;24;1
215;37;0
215;39;1
215;40;0
215;42;1
215;46;0
215;112;0
216;141;1
216;174;0
216;186;0
216;207;1
216;235;1
216;239;0
216;255;1
216;280;1
216;305;1
216;322;1
216;366;0
216;379;0
216;394;0
216;24;0
216;38;1
216;39;0
216;41;1
216;42;0
216;47;1
216;113;1
217;142;1
217;174;0
217;187;1
217;207;0
217;236;1
217;239;0
217;256;1
217;281;1
217;306;1
217;322;0
217;367;1
217;380;1
217;394;0
217;25;1
217;38;0
217;40;1
217;41;0
217;43;1
217;48;1
217;113;0
218;143;1
218;175;1
218;188;1
218;207;0
218;237;1
218;239;0
218;256;0
218;282;1
218;307;1
218;323;1
218;368;1
218;381;1
218;395;1
218;26;1
218;39;1
218;40;0
218;42;1
218;44;1
218;48;0
218;114;1
219;144;1
219;175;0
219;189;1
219;208;1
219;238;1
219;240;1
219;257;1
219;283;1
219;307;0
219;324;1
219;368;0
219;381;0
219;395;0
219;27;1
219;39;0
219;41;1
219;43;1
219;44;0
219;48;0
219;115;1
220;144;0
220;176;1
220;189;0
220;209;1
220;239;1
220;241;1
220;258;1
220;283;0
220;307;0
220;325;1
220;369;1
220;382;1
220;396;1
220;28;1
220;40;1
220;42;1
220;43;0
220;45;1
220;49;1
220;115;0
221;145;1
221;177;1
221;190;1
221;210;1
221;240;1
221;241;0
221;259;1
221;284;1
221;308;1
221;325;0
221;370;1
221;383;1
221;397;1
221;28;0
221;41;1
221;42;0
221;44;1
221;46;1
221;49;0
221;116;1
222;146;1
222;177;0
222;191;1
222;211;1
222;240;0
222;242;1
222;259;0
222;285;1
222;309;1
222;326;1
222;371;1
222;384;1
222;398;1
222;29;1
222;41;0
222;43;1
222;45;1
222;47;1
222;49;0
222;117;1
223;147;1
223;178;1
223;192;1
223;212;1
223;240;0
223;243;1
223;259;0
223;285;0
223;309;0
223;326;0
223;372;1
223;385;1
223;399;1
223;30;1
223;42;1
223;43;0
223;46;1
223;47;0
223;50;1
223;118;1
224;147;0
224;179;1
224;193;1
224;212;0
224;240;0
224;244;1
224;259;0
224;286;1
224;309;0
224;327;1
224;373;1
224;385;0
224;399;0
224;30;0
224;42;0
224;44;1
224;46;0
224;48;1
224;51;1
224;119;1
225;148;1
225;180;1
225;194;1
225;213;1
225;241;1
225;244;0
225;260;1
225;287;1
225;310;1
225;327;0
225;374;1
225;385;0
225;399;0
225;30;0
225;43;1
225;45;1
225;46;0
225;49;1
225;52;1
225;119;0
226;149;1
226;180;0
226;195;1
226;214;1
226;242;1
226;245;1
226;260;0
226;288;1
226;310;0
226;327;0
226;374;0
226;386;1
226;0;1
226;31;1
226;44;1
226;45;0
226;47;1
226;50;1
226;53;1
226;120;1
227;149;0
227;181;1
227;195;0
227;214;0
227;242;0
227;246;1
227;260;0
227;289;1
227;310;0
227;328;1
227;375;1
227;386;0
227;0;0
227;32;1
227;44;0
227;45;0
227;48;1
227;50;0
227;54;1
227;121;1
228;150;1
228;181;0
228;196;1
228;215;1
228;243;1
228;247;1
228;260;0
228;290;1
228;311;1
228;329;1
228;376;1
228;386;0
228;0;0
228;33;1
228;44;0
228;45;0
228;48;0
228;51;1
228;55;1
228;121;0
229;151;1
229;181;0
229;197;1
229;215;0
229;244;1
229;247;0
229;261;1
229;291;1
229;312;1
229;330;1
229;377;1
229;387;1
229;1;1
229;33;0
229;44;0
229;45;0
229;49;1
229;52;1
229;56;1
229;122;1
230;151;0
230;182;1
230;198;1
230;216;1
230;245;1
230;248;1
230;262;1
230;291;0
230;313;1
230;330;0
230;378;1
230;388;1
230;1;0
230;34;1
230;44;0
230;46;1
230;49;0
230;53;1
230;56;0
230;122;0
231;152;1
231;183;1
231;198;0
231;217;1
231;246;1
231;249;1
231;263;1
231;291;0
231;314;1
231;331;1
231;378;0
231;389;1
231;2;1
231;34;0
231;44;0
231;47;1
231;50;1
231;54;1
231;57;1
231;123;1
232;152;0
232;183;0
232;198;0
232;217;0
232;247;1
232;250;1
232;264;1
232;291;0
232;315;1
232;332;1
232;379;1
232;390;1
232;2;0
232;34;0
232;45;1
232;47;0
232;51;1
232;55;1
232;58;1
232;124;1
233;153;1
233;184;1
233;199;1
233;217;0
233;247;0
233;251;1
233;264;0
233;291;0
233;316;1
233;332;0
233;380;1
233;391;1
233;3;1
233;35;1
233;46;1
233;48;1
233;52;1
233;55;0
233;59;1
233;125;1
234;154;1
234;184;0
234;199;0
234;218;1
234;248;1
234;252;1
234;264;0
234;292;1
234;317;1
234;332;0
234;381;1
234;391;0
234;4;1
234;35;0
234;47;1
234;48;0
234;52;0
234;56;1
234;59;0
234;126;1
235;154;0
235;184;0
235;199;0
235;219;1
235;249;1
235;253;1
235;264;0
235;293;1
235;318;1
235;333;1
235;382;1
235;391;0
235;5;1
235;35;0
235;47;0
235;49;1
235;53;1
235;56;0
235;59;0
235;126;0
236;154;0
236;185;1
236;200;1
236;219;0
236;250;1
236;254;1
236;264;0
236;294;1
236;319;1
236;334;1
236;383;1
236;392;1
236;5;0
236;36;1
236;48;1
236;50;1
236;53;0
236;57;1
236;59;0
236;127;1
237;154;0
237;186;1
237;201;1
237;219;0
237;250;0
237;255;1
237;265;1
237;295;1
237;319;0
237;334;0
237;384;1
237;393;1
237;5;0
237;37;1
237;49;1
237;51;1
237;54;1
237;58;1
237;60;1
237;127;0
238;155;1
238;187;1
238;202;1
238;219;0
238;251;1
238;256;1
238;266;1
238;295;0
238;319;0
238;334;0
238;385;1
238;394;1
238;5;0
238;38;1
238;50;1
238;51;0
238;54;0
238;58;0
238;61;1
238;128;1
239;156;1
239;188;1
239;203;1
239;220;1
239;252;1
239;257;1
239;267;1
239;296;1
239;320;1
239;335;1
239;386;1
239;394;0
239;5;0
239;38;0
239;50;0
239;51;0
239;54;0
239;59;1
239;61;0
239;129;1
240;156;0
240;189;1
240;203;0
240;220;0
240;252;0
240;258;1
240;267;0
240;297;1
240;320;0
240;335;0
240;387;1
240;395;1
240;6;1
240;38;0
240;50;0
240;52;1
240;55;1
240;60;1
240;62;1
240;129;0
241;157;1
241;190;1
241;203;0
241;221;1
241;253;1
241;259;1
241;268;1
241;298;1
241;321;1
241;336;1
241;388;1
241;395;0
241;7;1
241;39;1
241;50;0
241;53;1
241;55;0
241;61;1
241;63;1
241;129;0
242;158;1
242;190;0
242;204;1
242;222;1
242;254;1
242;260;1
242;269;1
242;299;1
242;321;0
242;337;1
242;389;1
242;396;1
242;8;1
242;39;0
242;50;0
242;54;1
242;56;1
242;62;1
242;63;0
242;130;1
243;158;0
243;190;0
243;204;0
243;222;0
243;254;0
243;260;0
243;270;1
243;300;1
243;321;0
243;337;0
243;389;0
243;397;1
243;9;1
243;40;1
243;50;0
243;54;0
243;57;1
243;62;0
243;63;0
243;130;0
244;159;1
244;191;1
244;204;0
244;222;0
244;255;1
244;261;1
244;271;1
244;301;1
244;322;1
244;338;1
244;389;0
244;397;0
244;9;0
244;41;1
244;50;0
244;54;0
244;57;0
244;62;0
244;64;1
244;131;1
245;160;1
245;192;1
245;204;0
245;223;1
245;255;0
245;262;1
245;271;0
245;301;0
245;322;0
245;339;1
245;390;1
245;398;1
245;10;1
245;42;1
245;50;0
245;55;1
245;57;0
245;63;1
245;65;1
245;131;0
246;160;0
246;193;1
246;205;1
246;223;0
246;256;1
246;263;1
246;272;1
246;301;0
246;322;0
246;340;1
246;391;1
246;399;1
246;11;1
246;43;1
246;50;0
246;55;0
246;58;1
246;64;1
246;66;1
246;131;0
247;160;0
247;193;0
247;205;0
247;223;0
247;256;0
247;263;0
247;273;1
247;301;0
247;322;0
247;341;1
247;392;1
247;0;1
247;11;0
247;43;0
247;50;0
247;55;0
247;59;1
247;64;0
247;67;1
247;132;1
248;160;0
248;194;1
248;205;0
248;223;0
248;257;1
248;263;0
248;274;1
248;301;0
248;323;1
248;341;0
248;393;1
248;1;1
248;12;1
248;43;0
248;50;0
248;55;0
248;60;1
248;65;1
248;68;1
248;133;1
249;161;1
249;195;1
249;206;1
249;224;1
249;258;1
249;264;1
249;275;1
249;302;1
249;324;1
249;341;0
249;394;1
249;2;1
249;13;1
249;44;1
249;50;0
249;55;0
249;60;0
249;66;1
249;68;0
249;134;1
250;161;0
250;195;0
250;207;1
250;224;0
250;259;1
250;265;1
250;275;0
250;302;0
250;325;1
250;342;1
250;394;0
250;3;1
250;14;1
250;45;1
250;50;0
250;56;1
250;60;0
250;67;1
250;68;0
250;135;1
251;161;0
251;196;1
251;208;1
251;225;1
251;260;1
251;266;1
251;276;1
251;303;1
251;325;0
251;342;0
251;394;0
251;4;1
251;15;1
251;45;0
251;50;0
251;57;1
251;60;0
251;67;0
251;68;0
251;135;0
252;162;1
252;197;1
252;209;1
252;226;1
252;261;1
252;267;1
252;277;1
252;304;1
252;325;0
252;342;0
252;394;0
252;5;1
252;15;0
252;46;1
252;51;1
252;57;0
252;61;1
252;67;0
252;68;0
252;135;0
253;163;1
253;197;0
253;209;0
253;227;1
253;262;1
253;267;0
253;278;1
253;305;1
253;325;0
253;343;1
253;395;1
253;5;0
253;15;0
253;47;1
253;52;1
253;57;0
253;62;1
253;67;0
253;68;0
253;135;0
254;164;1
254;197;0
254;209;0
254;228;1
254;263;1
254;268;1
254;279;1
254;306;1
254;326;1
254;344;1
254;396;1
254;5;0
254;15;0
254;48;1
254;53;1
254;58;1
254;62;0
254;67;0
254;68;0
254;136;1
255;165;1
255;198;1
255;209;0
255;229;1
255;263;0
255;269;1
255;280;1
255;306;0
255;327;1
255;344;0
255;396;0
255;6;1
255;16;1
255;49;1
255;54;1
255;59;1
255;63;1
255;67;0
255;69;1
255;137;1
256;166;1
256;199;1
256;210;1
256;230;1
256;263;0
256;269;0
256;280;0
256;307;1
256;328;1
256;345;1
256;397;1
256;7;1
256;17;1
256;50;1
256;55;1
256;60;1
256;64;1
256;67;0
256;70;1
256;137;0
257;166;0
257;200;1
257;210;0
257;231;1
257;264;1
257;270;1
257;281;1
257;307;0
257;329;1
257;346;1
257;398;1
257;8;1
257;17;0
257;50;0
257;56;1
257;60;0
257;65;1
257;67;0
257;70;0
257;138;1
258;167;1
258;201;1
258;210;0
258;231;0
258;265;1
258;271;1
258;281;0
258;308;1
258;330;1
258;347;1
258;398;0
258;9;1
258;17;0
258;51;1
258;56;0
258;60;0
258;66;1
258;68;1
258;71;1
258;139;1
259;167;0
259;202;1
259;210;0
259;232;1
259;265;0
259;271;0
259;282;1
259;309;1
259;331;1
259;347;0
259;398;0
259;9;0
259;17;0
259;52;1
259;57;1
259;60;0
259;66;0
259;68;0
259;71;0
259;140;1
260;167;0
260;203;1
260;211;1
260;232;0
260;266;1
260;272;1
260;283;1
260;309;0
260;331;0
260;348;1
260;399;1
260;10;1
260;18;1
260;52;0
260;58;1
260;61;1
260;67;1
260;69;1
260;72;1
260;140;0
261;167;0
261;203;0
261;212;1
261;233;1
261;266;0
261;273;1
261;284;1
261;310;1
261;332;1
261;348;0
261;0;1
261;11;1
261;19;1
261;53;1
261;59;1
261;62;1
261;67;0
261;70;1
261;73;1
261;140;0
262;167;0
262;204;1
262;213;1
262;234;1
262;267;1
262;274;1
262;285;1
262;310;0
262;333;1
262;349;1
262;1;1
262;12;1
262;20;1
262;54;1
262;60;1
262;62;0
262;68;1
262;70;0
262;74;1
262;141;1
263;167;0
263;204;0
263;213;0
263;235;1
263;268;1
263;275;1
263;286;1
263;311;1
263;334;1
263;350;1
263;2;1
263;13;1
263;21;1
263;55;1
263;60;0
263;63;1
263;69;1
263;71;1
263;75;1
263;141;0
264;168;1
264;205;1
264;214;1
264;236;1
264;269;1
264;276;1
264;287;1
264;312;1
264;334;0
264;351;1
264;3;1
264;14;1
264;22;1
264;56;1
264;61;1
264;63;0
264;70;1
264;72;1
264;76;1
264;142;1
265;168;0
265;206;1
265;215;1
265;237;1
265;270;1
265;277;1
265;288;1
265;313;1
265;335;1
265;352;1
265;4;1
265;14;0
265;22;0
265;57;1
265;62;1
265;63;0
265;71;1
265;73;1
265;77;1
265;143;1
266;169;1
266;207;1
266;216;1
266;237;0
266;270;0
266;277;0
266;289;1
266;314;1
266;335;0
266;353;1
266;5;1
266;14;0
266;23;1
266;57;0
266;62;0
266;63;0
266;72;1
266;73;0
266;77;0
266;143;0
267;169;0
267;208;1
267;217;1
267;237;0
267;271;1
267;277;0
267;290;1
267;315;1
267;336;1
267;354;1
267;6;1
267;15;1
267;24;1
267;58;1
267;62;0
267;64;1
267;72;0
267;74;1
267;77;0
267;144;1
268;170;1
268;208;0
268;218;1
268;238;1
268;271;0
268;277;0
268;291;1
268;316;1
268;336;0
268;355;1
268;7;1
268;16;1
268;25;1
268;59;1
268;62;0
268;65;1
268;72;0
268;74;0
268;77;0
268;145;1
269;170;0
269;208;0
269;218;0
269;239;1
269;272;1
269;277;0
269;292;1
269;316;0
269;336;0
269;355;0
269;8;1
269;17;1
269;26;1
269;60;1
269;62;0
269;66;1
269;72;0
269;75;1
269;78;1
269;146;1
270;171;1
270;209;1
270;219;1
270;240;1
270;272;0
270;277;0
270;293;1
270;317;1
270;337;1
270;355;0
270;8;0
270;18;1
270;27;1
270;61;1
270;63;1
270;67;1
270;72;0
270;75;0
270;79;1
270;147;1
271;171;0
271;210;1
271;220;1
271;241;1
271;273;1
271;278;1
271;294;1
271;317;0
271;338;1
271;355;0
271;9;1
271;19;1
271;28;1
271;61;0
271;63;0
271;67;0
271;73;1
271;76;1
271;79;0
271;148;1
272;172;1
272;211;1
272;221;1
272;242;1
272;274;1
272;279;1
272;295;1
272;317;0
272;339;1
272;356;1
272;10;1
272;20;1
272;28;0
272;62;1
272;63;0
272;67;0
272;74;1
272;77;1
272;80;1
272;148;0
273;173;1
273;211;0
273;221;0
273;242;0
273;275;1
273;280;1
273;295;0
273;318;1
273;340;1
273;357;1
273;11;1
273;21;1
273;29;1
273;62;0
273;64;1
273;67;0
273;75;1
273;78;1
273;81;1
273;148;0
274;174;1
274;211;0
274;222;1
274;243;1
274;276;1
274;281;1
274;296;1
274;319;1
274;341;1
274;357;0
274;11;0
274;22;1
274;30;1
274;63;1
274;65;1
274;67;0
274;75;0
274;79;1
274;81;0
274;148;0
275;174;0
275;212;1
275;222;0
275;243;0
275;277;1
275;281;0
275;297;1
275;319;0
275;341;0
275;357;0
275;11;0
275;22;0
275;31;1
275;63;0
275;66;1
275;67;0
275;76;1
275;80;1
275;82;1
275;149;1
276;175;1
276;213;1
276;222;0
276;243;0
276;278;1
276;282;1
276;298;1
276;319;0
276;341;0
276;358;1
276;11;0
276;23;1
276;31;0
276;64;1
276;66;0
276;68;1
276;76;0
276;81;1
276;83;1
276;150;1
277;176;1
277;214;1
277;223;1
277;244;1
277;279;1
277;283;1
277;299;1
277;320;1
277;342;1
277;359;1
277;11;0
277;23;0
277;32;1
277;65;1
277;67;1
277;69;1
277;77;1
277;82;1
277;84;1
277;151;1
278;177;1
278;215;1
278;223;0
278;244;0
278;280;1
278;284;1
278;299;0
278;320;0
278;343;1
278;359;0
278;12;1
278;23;0
278;32;0
278;66;1
278;68;1
278;69;0
278;77;0
278;83;1
278;85;1
278;151;0
279;178;1
279;216;1
279;223;0
279;244;0
279;280;0
279;285;1
279;299;0
279;321;1
279;343;0
279;360;1
279;13;1
279;23;0
279;33;1
279;67;1
279;68;0
279;70;1
279;77;0
279;84;1
279;85;0
279;151;0
280;178;0
280;217;1
280;223;0
280;245;1
280;280;0
280;285;0
280;300;1
280;322;1
280;344;1
280;360;0
280;14;1
280;23;0
280;34;1
280;67;0
280;69;1
280;70;0
280;78;1
280;84;0
280;85;0
280;152;1
281;179;1
281;217;0
281;224;1
281;245;0
281;281;1
281;286;1
281;301;1
281;322;0
281;345;1
281;361;1
281;15;1
281;23;0
281;34;0
281;67;0
281;69;0
281;71;1
281;79;1
281;84;0
281;86;1
281;153;1
282;179;0
282;217;0
282;225;1
282;245;0
282;282;1
282;287;1
282;302;1
282;322;0
282;346;1
282;362;1
282;16;1
282;24;1
282;35;1
282;67;0
282;69;0
282;71;0
282;79;0
282;85;1
282;87;1
282;154;1
283;180;1
283;218;1
283;226;1
283;245;0
283;283;1
283;288;1
283;303;1
283;323;1
283;347;1
283;363;1
283;17;1
283;25;1
283;35;0
283;68;1
283;70;1
283;72;1
283;79;0
283;86;1
283;88;1
283;155;1
284;181;1
284;218;0
284;227;1
284;245;0
284;284;1
284;289;1
284;304;1
284;324;1
284;347;0
284;363;0
284;18;1
284;25;0
284;36;1
284;69;1
284;71;1
284;73;1
284;80;1
284;86;0
284;89;1
284;155;0
285;182;1
285;218;0
285;227;0
285;246;1
285;285;1
285;290;1
285;304;0
285;324;0
285;347;0
285;364;1
285;19;1
285;26;1
285;37;1
285;69;0
285;72;1
285;74;1
285;81;1
285;87;1
285;89;0
285;155;0
286;182;0
286;218;0
286;228;1
286;246;0
286;286;1
286;291;1
286;304;0
286;325;1
286;347;0
286;364;0
286;20;1
286;26;0
286;38;1
286;70;1
286;72;0
286;75;1
286;82;1
286;88;1
286;90;1
286;155;0
287;183;1
287;219;1
287;229;1
287;247;1
287;286;0
287;292;1
287;305;1
287;326;1
287;347;0
287;365;1
287;20;0
287;26;0
287;39;1
287;71;1
287;73;1
287;75;0
287;82;0
287;89;1
287;91;1
287;156;1
288;184;1
288;220;1
288;230;1
288;248;1
288;286;0
288;293;1
288;305;0
288;327;1
288;348;1
288;366;1
288;21;1
288;27;1
288;40;1
288;72;1
288;73;0
288;76;1
288;83;1
288;90;1
288;91;0
288;157;1
289;185;1
289;220;0
289;230;0
289;249;1
289;287;1
289;294;1
289;305;0
289;327;0
289;349;1
289;366;0
289;22;1
289;28;1
289;40;0
289;72;0
289;73;0
289;76;0
289;84;1
289;90;0
289;92;1
289;158;1
290;186;1
290;221;1
290;230;0
290;250;1
290;288;1
290;295;1
290;305;0
290;327;0
290;350;1
290;367;1
290;23;1
290;28;0
290;41;1
290;72;0
290;73;0
290;77;1
290;85;1
290;90;0
290;92;0
290;158;0
291;186;0
291;221;0
291;231;1
291;250;0
291;288;0
291;296;1
291;305;0
291;328;1
291;351;1
291;367;0
291;24;1
291;28;0
291;42;1
291;72;0
291;74;1
291;77;0
291;86;1
291;91;1
291;93;1
291;159;1
292;186;0
292;221;0
292;232;1
292;251;1
292;289;1
292;297;1
292;306;1
292;328;0
292;352;1
292;368;1
292;24;0
292;29;1
292;43;1
292;72;0
292;74;0
292;77;0
292;87;1
292;92;1
292;94;1
292;160;1
293;187;1
293;222;1
293;233;1
293;251;0
293;289;0
293;297;0
293;306;0
293;328;0
293;353;1
293;368;0
293;24;0
293;30;1
293;44;1
293;72;0
293;75;1
293;78;1
293;88;1
293;93;1
293;94;0
293;161;1
294;188;1
294;223;1
294;234;1
294;252;1
294;289;0
294;298;1
294;306;0
294;329;1
294;354;1
294;369;1
294;25;1
294;31;1
294;45;1
294;72;0
294;76;1
294;78;0
294;89;1
294;93;0
294;95;1
294;161;0
295;189;1
295;224;1
295;235;1
295;253;1
295;290;1
295;299;1
295;307;1
295;330;1
295;354;0
295;370;1
295;25;0
295;31;0
295;46;1
295;73;1
295;76;0
295;78;0
295;90;1
295;93;0
295;95;0
295;162;1
296;189;0
296;225;1
296;236;1
296;254;1
296;291;1
296;300;1
296;307;0
296;331;1
296;355;1
296;371;1
296;26;1
296;32;1
296;46;0
296;74;1
296;76;0
296;78;0
296;91;1
296;94;1
296;96;1
296;163;1
297;189;0
297;225;0
297;237;1
297;254;0
297;292;1
297;301;1
297;308;1
297;331;0
297;355;0
297;372;1
297;26;0
297;33;1
297;47;1
297;75;1
297;77;1
297;79;1
297;92;1
297;95;1
297;97;1
297;164;1
298;189;0
298;225;0
298;238;1
298;255;1
298;292;0
298;302;1
298;309;1
298;331;0
298;356;1
298;373;1
298;27;1
298;34;1
298;48;1
298;75;0
298;78;1
298;80;1
298;93;1
298;96;1
298;98;1
298;164;0
299;189;0
299;225;0
299;238;0
299;255;0
299;293;1
299;303;1
299;309;0
299;331;0
299;356;0
299;374;1
299;27;0
299;34;0
299;49;1
299;76;1
299;78;0
299;81;1
299;94;1
299;97;1
299;98;0
299;165;1
300;190;1
300;226;1
300;238;0
300;255;0
300;293;0
300;303;0
300;310;1
300;331;0
300;356;0
300;375;1
300;27;0
300;35;1
300;50;1
300;76;0
300;79;1
300;82;1
300;94;0
300;97;0
300;99;1
300;166;1
301;191;1
301;227;1
301;239;1
301;255;0
301;293;0
301;303;0
301;311;1
301;332;1
301;357;1
301;376;1
301;28;1
301;36;1
301;50;0
301;77;1
301;80;1
301;83;1
301;95;1
301;98;1
301;100;1
301;167;1
302;191;0
302;228;1
302;240;1
302;255;0
302;294;1
302;304;1
302;312;1
302;333;1
302;358;1
302;376;0
302;29;1
302;37;1
302;50;0
302;78;1
302;81;1
302;84;1
302;96;1
302;98;0
302;100;0
302;167;0
303;192;1
303;229;1
303;241;1
303;256;1
303;295;1
303;305;1
303;312;0
303;334;1
303;359;1
303;377;1
303;30;1
303;38;1
303;50;0
303;78;0
303;82;1
303;84;0
303;97;1
303;99;1
303;100;0
303;168;1
304;193;1
304;230;1
304;241;0
304;257;1
304;296;1
304;305;0
304;313;1
304;335;1
304;360;1
304;378;1
304;30;0
304;39;1
304;51;1
304;78;0
304;83;1
304;85;1
304;97;0
304;99;0
304;100;0
304;169;1
305;193;0
305;231;1
305;241;0
305;257;0
305;297;1
305;306;1
305;314;1
305;335;0
305;360;0
305;378;0
305;31;1
305;40;1
305;52;1
305;79;1
305;83;0
305;86;1
305;98;1
305;99;0
305;101;1
305;169;0
306;194;1
306;232;1
306;241;0
306;257;0
306;298;1
306;307;1
306;314;0
306;336;1
306;361;1
306;378;0
306;31;0
306;41;1
306;53;1
306;80;1
306;84;1
306;86;0
306;98;0
306;100;1
306;101;0
306;169;0
307;194;0
307;232;0
307;241;0
307;258;1
307;299;1
307;307;0
307;315;1
307;337;1
307;362;1
307;379;1
307;32;1
307;42;1
307;53;0
307;80;0
307;84;0
307;87;1
307;99;1
307;100;0
307;102;1
307;170;1
308;195;1
308;233;1
308;241;0
308;259;1
308;300;1
308;307;0
308;315;0
308;338;1
308;363;1
308;379;0
308;33;1
308;43;1
308;54;1
308;80;0
308;85;1
308;88;1
308;99;0
308;101;1
308;103;1
308;171;1
309;196;1
309;234;1
309;242;1
309;260;1
309;301;1
309;307;0
309;315;0
309;339;1
309;363;0
309;379;0
309;33;0
309;44;1
309;55;1
309;80;0
309;86;1
309;89;1
309;100;1
309;101;0
309;103;0
309;172;1
310;196;0
310;235;1
310;243;1
310;260;0
310;301;0
310;307;0
310;316;1
310;340;1
310;364;1
310;380;1
310;34;1
310;45;1
310;55;0
310;80;0
310;86;0
310;89;0
310;100;0
310;102;1
310;103;0
310;173;1
311;196;0
311;235;0
311;243;0
311;261;1
311;302;1
311;308;1
311;317;1
311;340;0
311;365;1
311;381;1
311;35;1
311;46;1
311;56;1
311;81;1
311;87;1
311;89;0
311;100;0
311;102;0
311;103;0
311;174;1
312;197;1
312;236;1
312;244;1
312;261;0
312;303;1
312;308;0
312;318;1
312;341;1
312;365;0
312;381;0
312;36;1
312;46;0
312;57;1
312;81;0
312;88;1
312;90;1
312;101;1
312;102;0
312;104;1
312;175;1
313;198;1
313;237;1
313;244;0
313;262;1
313;304;1
313;308;0
313;319;1
313;341;0
313;365;0
313;381;0
313;36;0
313;47;1
313;57;0
313;82;1
313;88;0
313;90;0
313;101;0
313;102;0
313;104;0
313;175;0
314;198;0
314;237;0
314;245;1
314;262;0
314;304;0
314;309;1
314;320;1
314;341;0
314;365;0
314;381;0
314;37;1
314;48;1
314;58;1
314;83;1
314;88;0
314;91;1
314;101;0
314;103;1
314;105;1
314;176;1
315;198;0
315;238;1
315;245;0
315;263;1
315;304;0
315;310;1
315;320;0
315;342;1
315;366;1
315;381;0
315;38;1
315;49;1
315;59;1
315;83;0
315;89;1
315;92;1
315;101;0
315;104;1
315;105;0
315;177;1
316;198;0
316;239;1
316;246;1
316;263;0
316;305;1
316;311;1
316;321;1
316;342;0
316;366;0
316;381;0
316;39;1
316;50;1
316;60;1
316;84;1
316;90;1
316;93;1
316;101;0
316;104;0
316;105;0
316;178;1
317;198;0
317;239;0
317;247;1
317;264;1
317;306;1
317;312;1
317;322;1
317;342;0
317;367;1
317;382;1
317;40;1
317;51;1
317;60;0
317;85;1
317;90;0
317;94;1
317;101;0
317;104;0
317;105;0
317;178;0
318;199;1
318;240;1
318;247;0
318;264;0
318;307;1
318;313;1
318;322;0
318;343;1
318;368;1
318;383;1
318;41;1
318;52;1
318;61;1
318;85;0
318;91;1
318;95;1
318;101;0
318;104;0
318;105;0
318;179;1
319;200;1
319;241;1
319;247;0
319;265;1
319;308;1
319;314;1
319;323;1
319;343;0
319;369;1
319;384;1
319;42;1
319;52;0
319;62;1
319;86;1
319;92;1
319;96;1
319;101;0
319;104;0
319;105;0
319;180;1
320;201;1
320;242;1
320;248;1
320;266;1
320;308;0
320;314;0
320;324;1
320;343;0
320;370;1
320;384;0
320;43;1
320;52;0
320;63;1
320;86;0
320;93;1
320;97;1
320;102;1
320;104;0
320;105;0
320;181;1
321;201;0
321;242;0
321;248;0
321;266;0
321;308;0
321;315;1
321;324;0
321;344;1
321;370;0
321;385;1
321;44;1
321;53;1
321;64;1
321;87;1
321;94;1
321;97;0
321;102;0
321;104;0
321;106;1
321;181;0
322;202;1
322;243;1
322;249;1
322;267;1
322;309;1
322;315;0
322;324;0
322;344;0
322;371;1
322;386;1
322;45;1
322;54;1
322;64;0
322;88;1
322;95;1
322;97;0
322;102;0
322;104;0
322;107;1
322;182;1
323;203;1
323;244;1
323;250;1
323;268;1
323;310;1
323;316;1
323;324;0
323;345;1
323;371;0
323;387;1
323;45;0
323;55;1
323;65;1
323;89;1
323;96;1
323;98;1
323;103;1
323;105;1
323;108;1
323;183;1
324;204;1
324;245;1
324;251;1
324;269;1
324;311;1
324;317;1
324;325;1
324;346;1
324;372;1
324;387;0
324;46;1
324;56;1
324;65;0
324;90;1
324;97;1
324;98;0
324;104;1
324;105;0
324;109;1
324;183;0
325;204;0
325;246;1
325;252;1
325;269;0
325;312;1
325;317;0
325;325;0
325;347;1
325;373;1
325;387;0
325;47;1
325;57;1
325;65;0
325;90;0
325;97;0
325;98;0
325;104;0
325;105;0
325;110;1
325;183;0
326;204;0
326;247;1
326;253;1
326;269;0
326;312;0
326;318;1
326;326;1
326;348;1
326;374;1
326;388;1
326;48;1
326;58;1
326;65;0
326;91;1
326;97;0
326;98;0
326;104;0
326;106;1
326;111;1
326;184;1
327;205;1
327;248;1
327;254;1
327;269;0
327;312;0
327;319;1
327;327;1
327;348;0
327;375;1
327;389;1
327;48;0
327;59;1
327;66;1
327;91;0
327;97;0
327;99;1
327;105;1
327;107;1
327;111;0
327;184;0
328;206;1
328;249;1
328;255;1
328;270;1
328;312;0
328;320;1
328;328;1
328;348;0
328;375;0
328;390;1
328;48;0
328;60;1
328;67;1
328;92;1
328;98;1
328;99;0
328;105;0
328;108;1
328;112;1
328;184;0
329;206;0
329;250;1
329;255;0
329;271;1
329;313;1
329;320;0
329;328;0
329;348;0
329;376;1
329;390;0
329;49;1
329;60;0
329;68;1
329;93;1
329;98;0
329;100;1
329;106;1
329;109;1
329;112;0
329;184;0
330;206;0
330;250;0
330;256;1
330;272;1
330;313;0
330;321;1
330;329;1
330;348;0
330;377;1
330;391;1
330;50;1
330;60;0
330;68;0
330;93;0
330;98;0
330;101;1
330;107;1
330;110;1
330;112;0
330;185;1
331;207;1
331;251;1
331;257;1
331;272;0
331;314;1
331;322;1
331;329;0
331;349;1
331;377;0
331;391;0
331;50;0
331;60;0
331;69;1
331;94;1
331;98;0
331;102;1
331;108;1
331;111;1
331;112;0
331;186;1
332;208;1
332;251;0
332;257;0
332;272;0
332;315;1
332;323;1
332;330;1
332;350;1
332;378;1
332;392;1
332;50;0
332;61;1
332;70;1
332;95;1
332;99;1
332;102;0
332;109;1
332;111;0
332;113;1
332;187;1
333;208;0
333;252;1
333;258;1
333;273;1
333;316;1
333;324;1
333;331;1
333;351;1
333;378;0
333;393;1
333;51;1
333;62;1
333;70;0
333;96;1
333;99;0
333;102;0
333;109;0
333;111;0
333;114;1
333;188;1
334;209;1
334;253;1
334;259;1
334;273;0
334;317;1
334;324;0
334;332;1
334;351;0
334;379;1
334;394;1
334;52;1
334;63;1
334;71;1
334;96;0
334;99;0
334;103;1
334;109;0
334;112;1
334;115;1
334;189;1
335;210;1
335;254;1
335;260;1
335;274;1
335;318;1
335;325;1
335;333;1
335;352;1
335;380;1
335;395;1
335;53;1
335;64;1
335;71;0
335;97;1
335;100;1
335;104;1
335;110;1
335;113;1
335;116;1
335;190;1
336;211;1
336;255;1
336;261;1
336;275;1
336;318;0
336;325;0
336;334;1
336;353;1
336;381;1
336;396;1
336;54;1
336;65;1
336;71;0
336;98;1
336;100;0
336;104;0
336;111;1
336;114;1
336;117;1
336;191;1
337;212;1
337;256;1
337;261;0
337;275;0
337;319;1
337;326;1
337;335;1
337;354;1
337;381;0
337;397;1
337;55;1
337;65;0
337;71;0
337;98;0
337;101;1
337;104;0
337;111;0
337;115;1
337;118;1
337;192;1
338;213;1
338;257;1
338;261;0
338;276;1
338;320;1
338;327;1
338;336;1
338;355;1
338;382;1
338;398;1
338;56;1
338;65;0
338;72;1
338;98;0
338;102;1
338;104;0
338;112;1
338;116;1
338;118;0
338;193;1
339;213;0
339;258;1
339;262;1
339;276;0
339;321;1
339;328;1
339;337;1
339;356;1
339;382;0
339;399;1
339;57;1
339;66;1
339;73;1
339;98;0
339;103;1
339;104;0
339;113;1
339;117;1
339;118;0
339;194;1
340;213;0
340;258;0
340;263;1
340;277;1
340;322;1
340;329;1
340;338;1
340;356;0
340;383;1
340;0;1
340;57;0
340;67;1
340;73;0
340;98;0
340;103;0
340;104;0
340;114;1
340;117;0
340;118;0
340;194;0
341;214;1
341;258;0
341;264;1
341;278;1
341;323;1
341;329;0
341;339;1
341;357;1
341;383;0
341;0;0
341;58;1
341;68;1
341;74;1
341;98;0
341;103;0
341;105;1
341;115;1
341;117;0
341;118;0
341;194;0
342;214;0
342;258;0
342;265;1
342;278;0
342;323;0
342;330;1
342;339;0
342;357;0
342;384;1
342;1;1
342;59;1
342;69;1
342;75;1
342;99;1
342;103;0
342;105;0
342;116;1
342;117;0
342;119;1
342;195;1
343;215;1
343;259;1
343;266;1
343;279;1
343;324;1
343;331;1
343;340;1
343;358;1
343;385;1
343;2;1
343;60;1
343;70;1
343;76;1
343;100;1
343;104;1
343;106;1
343;116;0
343;118;1
343;120;1
343;196;1
344;216;1
344;260;1
344;266;0
344;280;1
344;325;1
344;331;0
344;341;1
344;358;0
344;386;1
344;2;0
344;61;1
344;71;1
344;77;1
344;100;0
344;105;1
344;107;1
344;116;0
344;119;1
344;121;1
344;197;1
345;217;1
345;261;1
345;267;1
345;281;1
345;325;0
345;332;1
345;341;0
345;359;1
345;387;1
345;3;1
345;62;1
345;72;1
345;77;0
345;101;1
345;106;1
345;108;1
345;117;1
345;120;1
345;122;1
345;198;1
346;217;0
346;261;0
346;268;1
346;282;1
346;326;1
346;332;0
346;342;1
346;359;0
346;388;1
346;3;0
346;63;1
346;73;1
346;78;1
346;102;1
346;106;0
346;108;0
346;117;0
346;121;1
346;122;0
346;199;1
347;217;0
347;261;0
347;269;1
347;282;0
347;326;0
347;332;0
347;342;0
347;359;0
347;389;1
347;4;1
347;64;1
347;74;1
347;78;0
347;102;0
347;107;1
347;109;1
347;118;1
347;121;0
347;122;0
347;200;1
348;217;0
348;262;1
348;270;1
348;283;1
348;327;1
348;333;1
348;343;1
348;360;1
348;389;0
348;5;1
348;64;0
348;75;1
348;78;0
348;103;1
348;108;1
348;110;1
348;118;0
348;121;0
348;123;1
348;200;0
349;218;1
349;262;0
349;271;1
349;283;0
349;328;1
349;333;0
349;344;1
349;361;1
349;389;0
349;6;1
349;65;1
349;76;1
349;79;1
349;103;0
349;109;1
349;111;1
349;118;0
349;122;1
349;123;0
349;200;0
350;219;1
350;263;1
350;272;1
350;283;0
350;329;1
350;334;1
350;344;0
350;361;0
350;390;1
350;7;1
350;66;1
350;77;1
350;80;1
350;104;1
350;109;0
350;112;1
350;119;1
350;122;0
350;124;1
350;201;1
351;220;1
351;263;0
351;273;1
351;284;1
351;330;1
351;335;1
351;344;0
351;362;1
351;391;1
351;8;1
351;67;1
351;78;1
351;80;0
351;104;0
351;110;1
351;113;1
351;120;1
351;123;1
351;124;0
351;202;1
352;220;0
352;264;1
352;274;1
352;284;0
352;331;1
352;335;0
352;345;1
352;363;1
352;391;0
352;9;1
352;67;0
352;79;1
352;80;0
352;105;1
352;110;0
352;114;1
352;121;1
352;123;0
352;124;0
352;202;0
353;221;1
353;265;1
353;275;1
353;285;1
353;331;0
353;335;0
353;345;0
353;364;1
353;392;1
353;10;1
353;68;1
353;79;0
353;81;1
353;106;1
353;110;0
353;115;1
353;122;1
353;123;0
353;124;0
353;202;0
354;221;0
354;266;1
354;275;0
354;285;0
354;331;0
354;336;1
354;346;1
354;365;1
354;393;1
354;11;1
354;68;0
354;80;1
354;82;1
354;107;1
354;110;0
354;116;1
354;122;0
354;123;0
354;125;1
354;203;1
355;222;1
355;266;0
355;275;0
355;286;1
355;331;0
355;336;0
355;347;1
355;366;1
355;394;1
355;12;1
355;69;1
355;81;1
355;82;0
355;108;1
355;111;1
355;117;1
355;122;0
355;124;1
355;125;0
355;204;1
356;223;1
356;267;1
356;276;1
356;287;1
356;331;0
356;336;0
356;347;0
356;366;0
356;394;0
356;12;0
356;70;1
356;81;0
356;82;0
356;108;0
356;112;1
356;118;1
356;122;0
356;124;0
356;126;1
356;205;1
357;224;1
357;268;1
357;276;0
357;288;1
357;331;0
357;337;1
357;348;1
357;367;1
357;394;0
357;13;1
357;70;0
357;81;0
357;82;0
357;109;1
357;113;1
357;118;0
357;123;1
357;125;1
357;127;1
357;206;1
358;224;0
358;268;0
358;277;1
358;288;0
358;331;0
358;337;0
358;349;1
358;368;1
358;395;1
358;14;1
358;71;1
358;81;0
358;83;1
358;109;0
358;114;1
358;119;1
358;124;1
358;126;1
358;128;1
358;207;1
359;225;1
359;269;1
359;277;0
359;289;1
359;331;0
359;338;1
359;350;1
359;369;1
359;396;1
359;14;0
359;72;1
359;81;0
359;83;0
359;110;1
359;115;1
359;120;1
359;124;0
359;127;1
359;129;1
359;207;0
360;225;0
360;270;1
360;277;0
360;290;1
360;331;0
360;339;1
360;351;1
360;370;1
360;397;1
360;15;1
360;72;0
360;82;1
360;84;1
360;111;1
360;116;1
360;121;1
360;124;0
360;127;0
360;130;1
360;208;1
361;226;1
361;271;1
361;278;1
361;291;1
361;332;1
361;339;0
361;352;1
361;370;0
361;398;1
361;16;1
361;72;0
361;83;1
361;84;0
361;111;0
361;117;1
361;121;0
361;124;0
361;128;1
361;131;1
361;209;1
362;227;1
362;271;0
362;279;1
362;292;1
362;333;1
362;340;1
362;353;1
362;371;1
362;398;0
362;17;1
362;73;1
362;83;0
362;85;1
362;112;1
362;118;1
362;122;1
362;124;0
362;129;1
362;132;1
362;209;0
363;228;1
363;271;0
363;280;1
363;293;1
363;333;0
363;341;1
363;353;0
363;372;1
363;398;0
363;17;0
363;73;0
363;84;1
363;86;1
363;113;1
363;119;1
363;122;0
363;125;1
363;130;1
363;132;0
363;210;1
364;228;0
364;272;1
364;281;1
364;294;1
364;333;0
364;341;0
364;353;0
364;373;1
364;398;0
364;17;0
364;74;1
364;85;1
364;86;0
364;114;1
364;119;0
364;123;1
364;125;0
364;131;1
364;132;0
364;211;1
365;229;1
365;273;1
365;282;1
365;294;0
365;334;1
365;342;1
365;353;0
365;374;1
365;398;0
365;17;0
365;75;1
365;85;0
365;87;1
365;114;0
365;120;1
365;123;0
365;126;1
365;131;0
365;133;1
365;211;0
366;229;0
366;273;0
366;282;0
366;295;1
366;334;0
366;343;1
366;353;0
366;374;0
366;399;1
366;17;0
366;76;1
366;86;1
366;88;1
366;115;1
366;121;1
366;124;1
366;126;0
366;131;0
366;134;1
366;212;1
367;229;0
367;273;0
367;282;0
367;296;1
367;334;0
367;344;1
367;354;1
367;375;1
367;0;1
367;17;0
367;77;1
367;87;1
367;88;0
367;116;1
367;122;1
367;124;0
367;127;1
367;132;1
367;135;1
367;213;1
368;229;0
368;273;0
368;282;0
368;296;0
368;335;1
368;344;0
368;355;1
368;376;1
368;1;1
368;18;1
368;78;1
368;87;0
368;89;1
368;116;0
368;123;1
368;124;0
368;128;1
368;133;1
368;136;1
368;214;1
369;230;1
369;274;1
369;283;1
369;296;0
369;336;1
369;344;0
369;355;0
369;377;1
369;2;1
369;19;1
369;79;1
369;88;1
369;90;1
369;117;1
369;123;0
369;124;0
369;129;1
369;134;1
369;136;0
369;215;1
370;231;1
370;275;1
370;283;0
370;297;1
370;336;0
370;344;0
370;356;1
370;377;0
370;2;0
370;20;1
370;79;0
370;89;1
370;90;0
370;117;0
370;123;0
370;124;0
370;129;0
370;135;1
370;137;1
370;215;0
371;232;1
371;276;1
371;284;1
371;298;1
371;337;1
371;344;0
371;357;1
371;378;1
371;2;0
371;21;1
371;80;1
371;89;0
371;91;1
371;118;1
371;123;0
371;125;1
371;129;0
371;135;0
371;138;1
371;216;1
372;232;0
372;276;0
372;285;1
372;299;1
372;338;1
372;345;1
372;358;1
372;379;1
372;2;0
372;22;1
372;81;1
372;89;0
372;91;0
372;118;0
372;124;1
372;126;1
372;129;0
372;135;0
372;139;1
372;217;1
373;233;1
373;277;1
373;286;1
373;300;1
373;338;0
373;346;1
373;359;1
373;379;0
373;3;1
373;23;1
373;81;0
373;90;1
373;92;1
373;118;0
373;125;1
373;126;0
373;129;0
373;135;0
373;140;1
373;218;1
374;233;0
374;278;1
374;287;1
374;301;1
374;338;0
374;347;1
374;360;1
374;380;1
374;3;0
374;24;1
374;82;1
374;91;1
374;93;1
374;118;0
374;125;0
374;126;0
374;130;1
374;135;0
374;141;1
374;218;0
375;233;0
375;279;1
375;287;0
375;302;1
375;339;1
375;347;0
375;361;1
375;380;0
375;3;0
375;25;1
375;83;1
375;92;1
375;93;0
375;119;1
375;125;0
375;127;1
375;130;0
375;136;1
375;141;0
375;219;1
376;234;1
376;279;0
376;288;1
376;303;1
376;340;1
376;348;1
376;362;1
376;381;1
376;4;1
376;25;0
376;83;0
376;92;0
376;94;1
376;120;1
376;125;0
376;128;1
376;130;0
376;137;1
376;142;1
376;220;1
377;235;1
377;279;0
377;289;1
377;303;0
377;340;0
377;349;1
377;362;0
377;382;1
377;4;0
377;26;1
377;84;1
377;93;1
377;95;1
377;121;1
377;126;1
377;129;1
377;131;1
377;138;1
377;142;0
377;220;0
378;236;1
378;279;0
378;289;0
378;304;1
378;340;0
378;349;0
378;363;1
378;383;1
378;4;0
378;27;1
378;84;0
378;93;0
378;96;1
378;122;1
378;127;1
378;130;1
378;132;1
378;139;1
378;142;0
378;220;0
379;237;1
379;279;0
379;289;0
379;304;0
379;340;0
379;350;1
379;363;0
379;384;1
379;5;1
379;28;1
379;85;1
379;94;1
379;97;1
379;122;0
379;128;1
379;131;1
379;132;0
379;140;1
379;143;1
379;220;0
380;238;1
380;280;1
380;290;1
380;305;1
380;340;0
380;351;1
380;364;1
380;385;1
380;6;1
380;29;1
380;86;1
380;94;0
380;97;0
380;123;1
380;129;1
380;131;0
380;133;1
380;140;0
380;144;1
380;220;0
381;239;1
381;281;1
381;291;1
381;305;0
381;340;0
381;352;1
381;365;1
381;386;1
381;7;1
381;30;1
381;87;1
381;95;1
381;97;0
381;123;0
381;130;1
381;132;1
381;134;1
381;140;0
381;145;1
381;221;1
382;239;0
382;281;0
382;291;0
382;306;1
382;340;0
382;352;0
382;365;0
382;387;1
382;8;1
382;31;1
382;87;0
382;95;0
382;98;1
382;124;1
382;131;1
382;132;0
382;134;0
382;141;1
382;146;1
382;221;0
383;240;1
383;282;1
383;292;1
383;306;0
383;341;1
383;352;0
383;366;1
383;388;1
383;9;1
383;32;1
383;88;1
383;96;1
383;99;1
383;125;1
383;131;0
383;132;0
383;135;1
383;142;1
383;147;1
383;221;0
384;240;0
384;283;1
384;292;0
384;306;0
384;342;1
384;353;1
384;366;0
384;389;1
384;9;0
384;32;0
384;88;0
384;96;0
384;100;1
384;126;1
384;131;0
384;132;0
384;136;1
384;143;1
384;148;1
384;222;1
385;241;1
385;283;0
385;293;1
385;307;1
385;343;1
385;354;1
385;367;1
385;389;0
385;10;1
385;33;1
385;88;0
385;96;0
385;101;1
385;127;1
385;131;0
385;132;0
385;137;1
385;144;1
385;149;1
385;222;0
386;242;1
386;284;1
386;294;1
386;308;1
386;343;0
386;355;1
386;368;1
386;390;1
386;11;1
386;33;0
386;89;1
386;96;0
386;102;1
386;128;1
386;131;0
386;132;0
386;137;0
386;145;1
386;150;1
386;223;1
387;243;1
387;285;1
387;294;0
387;308;0
387;343;0
387;355;0
387;369;1
387;391;1
387;12;1
387;34;1
387;90;1
387;96;0
387;103;1
387;129;1
387;131;0
387;133;1
387;138;1
387;146;1
387;151;1
387;224;1
388;244;1
388;286;1
388;295;1
388;308;0
388;344;1
388;355;0
388;370;1
388;392;1
388;12;0
388;35;1
388;91;1
388;96;0
388;104;1
388;130;1
388;132;1
388;133;0
388;139;1
388;146;0
388;152;1
388;225;1
389;245;1
389;286;0
389;296;1
389;308;0
389;345;1
389;355;0
389;370;0
389;393;1
389;13;1
389;36;1
389;92;1
389;97;1
389;105;1
389;131;1
389;132;0
389;134;1
389;140;1
389;147;1
389;152;0
389;225;0
390;245;0
390;287;1
390;296;0
390;308;0
390;345;0
390;356;1
390;370;0
390;394;1
390;14;1
390;37;1
390;93;1
390;98;1
390;106;1
390;131;0
390;133;1
390;134;0
390;141;1
390;148;1
390;152;0
390;225;0
391;246;1
391;288;1
391;296;0
391;309;1
391;346;1
391;357;1
391;371;1
391;394;0
391;15;1
391;37;0
391;94;1
391;99;1
391;107;1
391;132;1
391;133;0
391;134;0
391;142;1
391;149;1
391;153;1
391;226;1
392;247;1
392;288;0
392;297;1
392;309;0
392;346;0
392;358;1
392;371;0
392;395;1
392;16;1
392;38;1
392;95;1
392;100;1
392;107;0
392;132;0
392;133;0
392;135;1
392;143;1
392;150;1
392;153;0
392;226;0
393;248;1
393;288;0
393;298;1
393;309;0
393;347;1
393;359;1
393;372;1
393;395;0
393;17;1
393;39;1
393;95;0
393;101;1
393;108;1
393;132;0
393;133;0
393;136;1
393;144;1
393;150;0
393;153;0
393;227;1
394;249;1
394;289;1
394;299;1
394;310;1
394;347;0
394;360;1
394;373;1
394;396;1
394;18;1
394;39;0
394;95;0
394;102;1
394;109;1
394;132;0
394;134;1
394;136;0
394;145;1
394;150;0
394;153;0
394;228;1
395;249;0
395;290;1
395;299;0
395;311;1
395;348;1
395;361;1
395;374;1
395;397;1
395;18;0
395;40;1
395;95;0
395;103;1
395;110;1
395;133;1
395;135;1
395;136;0
395;146;1
395;151;1
395;154;1
395;228;0
396;250;1
396;290;0
396;300;1
396;312;1
396;348;0
396;361;0
396;375;1
396;398;1
396;19;1
396;40;0
396;96;1
396;104;1
396;111;1
396;133;0
396;135;0
396;137;1
396;147;1
396;152;1
396;154;0
396;229;1
397;250;0
397;291;1
397;301;1
397;313;1
397;349;1
397;362;1
397;375;0
397;399;1
397;19;0
397;41;1
397;97;1
397;105;1
397;111;0
397;134;1
397;135;0
397;138;1
397;148;1
397;153;1
397;154;0
397;230;1
398;251;1
398;292;1
398;302;1
398;314;1
398;349;0
398;363;1
398;376;1
398;0;1
398;20;1
398;42;1
398;98;1
398;106;1
398;111;0
398;134;0
398;135;0
398;139;1
398;148;0
398;153;0
398;155;1
398;231;1
399;251;0
399;293;1
399;302;0
399;314;0
399;349;0
399;364;1
399;377;1
399;0;0
399;20;0
399;43;1
399;99;1
399;106;0
399;112;1
399;134;0
399;135;0
399;140;1
399;148;0
399;154;1
399;155;0
399;231;0
